-- MySQL dump 10.13  Distrib 5.7.22, for osx10.13 (x86_64)
--
-- Host: localhost    Database: root
-- ------------------------------------------------------
-- Server version	5.7.22

/*!40101 SET @OLD_CHARACTER_SET_CLIENT=@@CHARACTER_SET_CLIENT */;
/*!40101 SET @OLD_CHARACTER_SET_RESULTS=@@CHARACTER_SET_RESULTS */;
/*!40101 SET @OLD_COLLATION_CONNECTION=@@COLLATION_CONNECTION */;
/*!40101 SET NAMES utf8 */;
/*!40103 SET @OLD_TIME_ZONE=@@TIME_ZONE */;
/*!40103 SET TIME_ZONE='+00:00' */;
/*!40014 SET @OLD_UNIQUE_CHECKS=@@UNIQUE_CHECKS, UNIQUE_CHECKS=0 */;
/*!40014 SET @OLD_FOREIGN_KEY_CHECKS=@@FOREIGN_KEY_CHECKS, FOREIGN_KEY_CHECKS=0 */;
/*!40101 SET @OLD_SQL_MODE=@@SQL_MODE, SQL_MODE='NO_AUTO_VALUE_ON_ZERO' */;
/*!40111 SET @OLD_SQL_NOTES=@@SQL_NOTES, SQL_NOTES=0 */;
-- MySQL dump 10.13  Distrib 5.7.22, for osx10.13 (x86_64)
--
-- Host: localhost    Database: router
-- ------------------------------------------------------
-- Server version	5.7.22

/*!40101 SET @OLD_CHARACTER_SET_CLIENT=@@CHARACTER_SET_CLIENT */;
/*!40101 SET @OLD_CHARACTER_SET_RESULTS=@@CHARACTER_SET_RESULTS */;
/*!40101 SET @OLD_COLLATION_CONNECTION=@@COLLATION_CONNECTION */;
/*!40101 SET NAMES utf8 */;
/*!40103 SET @OLD_TIME_ZONE=@@TIME_ZONE */;
/*!40103 SET TIME_ZONE='+00:00' */;
/*!40014 SET @OLD_UNIQUE_CHECKS=@@UNIQUE_CHECKS, UNIQUE_CHECKS=0 */;
/*!40014 SET @OLD_FOREIGN_KEY_CHECKS=@@FOREIGN_KEY_CHECKS, FOREIGN_KEY_CHECKS=0 */;
/*!40101 SET @OLD_SQL_MODE=@@SQL_MODE, SQL_MODE='NO_AUTO_VALUE_ON_ZERO' */;
/*!40111 SET @OLD_SQL_NOTES=@@SQL_NOTES, SQL_NOTES=0 */;

--
-- Current Database: `router`
--

CREATE DATABASE /*!32312 IF NOT EXISTS*/ `router` /*!40100 DEFAULT CHARACTER SET utf8 */;

USE `router`;

--
-- Table structure for table `coordinate`
--

DROP TABLE IF EXISTS `coordinate`;
/*!40101 SET @saved_cs_client     = @@character_set_client */;
/*!40101 SET character_set_client = utf8 */;
CREATE TABLE `coordinate` (
  `id` int(6) unsigned NOT NULL AUTO_INCREMENT,
  `time` timestamp NOT NULL DEFAULT CURRENT_TIMESTAMP ON UPDATE CURRENT_TIMESTAMP,
  `latitude` float(10,6) DEFAULT NULL,
  `longitude` float(10,6) DEFAULT NULL,
  `direction` float(10,6) DEFAULT NULL,
  `track_id` int(6) DEFAULT NULL,
  PRIMARY KEY (`id`)
) ENGINE=InnoDB AUTO_INCREMENT=192 DEFAULT CHARSET=utf8;
/*!40101 SET character_set_client = @saved_cs_client */;

--
-- Dumping data for table `coordinate`
--

LOCK TABLES `coordinate` WRITE;
/*!40000 ALTER TABLE `coordinate` DISABLE KEYS */;
INSERT INTO `coordinate` VALUES (4,'2020-01-10 17:49:02',6.795038,79.900055,290.500000,1),(5,'2020-01-10 18:00:10',6.795149,79.899788,289.299988,1),(6,'2020-01-10 18:00:10',6.795308,79.899384,288.500000,1),(7,'2020-01-10 18:00:10',6.795451,79.898972,291.299988,1),(8,'2020-01-10 18:00:10',6.795576,79.898415,290.100006,1),(9,'2020-01-10 18:00:10',6.795613,79.898102,289.899994,1),(10,'2020-01-10 18:00:10',6.795664,79.898170,289.299988,1),(11,'2020-01-10 18:00:10',6.795692,79.897552,288.799988,1),(12,'2020-01-10 18:00:10',6.795789,79.897186,289.500000,1),(13,'2020-01-10 18:00:10',6.795915,79.896736,289.399994,1),(14,'2020-01-10 18:00:10',6.796066,79.896339,288.100006,1),(15,'2020-01-10 18:00:10',6.796191,79.895943,288.500000,1),(16,'2020-01-10 18:00:10',6.796322,79.895386,290.200012,1),(17,'2020-01-10 18:00:10',6.796431,79.894722,289.799988,1),(18,'2020-01-10 18:00:10',6.796655,79.894012,290.299988,1),(19,'2020-01-10 18:00:10',6.796873,79.893089,291.100006,1),(20,'2020-01-10 18:00:10',6.797249,79.892281,290.100006,1),(21,'2020-01-10 18:00:10',6.797609,79.889709,270.500000,1),(22,'2020-01-10 18:00:10',6.797761,79.890793,230.399994,1),(23,'2020-01-10 18:00:10',6.797714,79.889870,240.500000,1),(24,'2020-01-10 18:00:10',6.797564,79.889076,265.500000,1),(25,'2020-01-10 18:00:10',6.797494,79.888680,266.600006,1),(26,'2020-01-10 18:00:10',6.797330,79.888519,190.399994,2),(27,'2020-01-10 18:00:10',6.797020,79.888481,187.300003,2),(28,'2020-01-10 18:00:10',6.796680,79.888420,201.500000,2),(29,'2020-01-10 18:00:10',6.796430,79.888344,200.399994,2),(30,'2020-01-10 18:00:10',6.796200,79.888237,199.399994,2),(31,'2020-01-10 18:00:10',6.795980,79.888138,199.800003,2),(32,'2020-01-10 18:00:10',6.795720,79.888046,200.300003,2),(33,'2020-01-10 18:00:10',6.795520,79.887962,201.399994,2),(34,'2020-01-10 18:00:10',6.795310,79.887871,200.300003,2),(35,'2020-01-10 18:00:10',6.795220,79.887840,201.300003,2),(36,'2020-01-10 18:00:10',6.795050,79.887772,204.100006,2),(37,'2020-01-10 18:00:10',6.794890,79.887703,203.399994,2),(38,'2020-01-10 18:00:10',6.794690,79.887619,203.800003,2),(39,'2020-01-10 18:00:10',6.794510,79.887527,202.699997,2),(40,'2020-01-10 18:00:10',6.794260,79.887444,201.399994,2),(41,'2020-01-10 18:00:10',6.794050,79.887329,199.399994,2),(42,'2020-01-10 18:00:10',6.793900,79.887260,195.399994,2),(43,'2020-01-10 18:00:10',6.793730,79.887199,197.300003,2),(44,'2020-01-10 18:00:10',6.793560,79.887138,200.399994,2),(45,'2020-01-10 18:00:10',6.793330,79.887070,190.399994,2),(46,'2020-01-10 18:00:10',6.793110,79.886978,195.300003,2),(47,'2020-01-10 18:00:10',6.792920,79.886902,196.399994,2),(48,'2020-01-10 18:00:10',6.792730,79.886833,198.899994,2),(49,'2020-01-10 18:00:10',6.792540,79.886772,200.300003,2),(50,'2020-01-10 18:00:10',6.792330,79.886688,197.399994,2),(51,'2020-01-10 18:00:10',6.792160,79.886627,199.199997,2),(52,'2020-01-10 18:00:10',6.791970,79.886559,198.300003,2),(53,'2020-01-10 18:00:10',6.791800,79.886497,199.399994,2),(54,'2020-01-10 18:00:10',6.791600,79.886429,200.199997,2),(55,'2020-01-10 18:00:10',6.791400,79.886353,201.199997,2),(56,'2020-01-10 18:00:10',6.791170,79.886269,200.100006,2),(57,'2020-01-10 18:00:10',6.791010,79.886208,199.300003,2),(58,'2020-01-10 18:00:10',6.790780,79.886124,203.100006,2),(59,'2020-01-10 18:00:10',6.790580,79.886017,202.300003,2),(60,'2020-01-10 18:00:10',6.790340,79.885941,200.399994,2),(61,'2020-01-10 18:00:10',6.790190,79.885857,198.500000,2),(62,'2020-01-10 18:00:10',6.789970,79.885780,199.300003,2),(63,'2020-01-10 18:00:10',6.789700,79.885674,198.300003,2),(64,'2020-01-10 18:00:10',6.789460,79.885536,198.199997,2),(65,'2020-01-10 18:00:10',6.789210,79.885460,198.899994,2),(66,'2020-01-10 18:00:10',6.789040,79.885384,200.399994,2),(67,'2020-01-10 18:00:10',6.788820,79.885292,201.399994,2),(68,'2020-01-10 18:00:10',6.788520,79.885170,198.300003,2),(69,'2020-01-10 18:00:10',6.788160,79.885010,200.399994,2),(70,'2020-01-10 18:00:10',6.787920,79.885361,108.300003,3),(71,'2020-01-10 18:00:10',6.787870,79.885567,107.500000,3),(72,'2020-01-10 18:00:10',6.787810,79.885757,106.500000,3),(73,'2020-01-10 18:00:10',6.787740,79.885971,107.400002,3),(74,'2020-01-10 18:00:10',6.787660,79.886192,108.300003,3),(75,'2020-01-10 18:00:10',6.787580,79.886398,108.900002,3),(76,'2020-01-10 18:00:10',6.787590,79.886703,107.400002,3),(77,'2020-01-10 18:00:10',6.787630,79.887001,83.000000,3),(78,'2020-01-10 18:00:10',6.787700,79.887329,84.199997,3),(79,'2020-01-10 18:00:10',6.787750,79.887604,84.400002,3),(80,'2020-01-10 18:00:10',6.787830,79.887909,83.300003,3),(81,'2020-01-10 18:00:10',6.787780,79.888252,83.500000,3),(82,'2020-01-10 18:00:10',6.787770,79.888550,90.500000,3),(83,'2020-01-10 18:00:10',6.787710,79.888817,91.300003,3),(84,'2020-01-10 18:00:10',6.787730,79.889130,92.199997,3),(85,'2020-01-10 18:00:10',6.787870,79.889488,90.400002,3),(86,'2020-01-10 18:00:10',6.787940,79.889847,92.400002,3),(87,'2020-01-10 18:00:10',6.787950,79.890160,95.400002,3),(88,'2020-01-10 18:00:10',6.787990,79.890442,90.400002,3),(89,'2020-01-10 18:00:10',6.788000,79.890770,94.500000,3),(90,'2020-01-10 18:00:10',6.787960,79.891121,93.500000,3),(91,'2020-01-10 18:00:10',6.787980,79.891472,97.400002,3),(92,'2020-01-10 18:00:10',6.787970,79.891808,90.400002,3),(93,'2020-01-10 18:00:10',6.787990,79.892159,90.300003,3),(94,'2020-01-10 18:00:10',6.788030,79.892517,94.300003,3),(95,'2020-01-10 18:00:10',6.788010,79.892807,92.500000,3),(96,'2020-01-10 18:00:10',6.788010,79.893150,93.400002,3),(97,'2020-01-10 18:00:10',6.788010,79.893417,95.400002,3),(98,'2020-01-10 18:00:10',6.787930,79.893761,94.300003,3),(99,'2020-01-10 18:00:10',6.787732,79.894127,94.400002,3),(100,'2020-01-10 18:00:10',6.787838,79.894630,93.300003,3),(101,'2020-01-10 18:00:10',6.787968,79.895126,80.400002,3),(102,'2020-01-10 18:00:10',6.787940,79.894974,89.400002,3),(103,'2020-01-10 18:00:10',6.788045,79.895576,90.400002,3),(104,'2020-01-10 18:00:10',6.788186,79.896248,85.400002,4),(105,'2020-01-10 18:00:10',6.788242,79.896889,48.299999,4),(106,'2020-01-10 18:00:10',6.788588,79.898071,47.500000,4),(107,'2020-01-10 18:00:10',6.788829,79.898460,47.700001,4),(108,'2020-01-10 18:00:10',6.789104,79.898865,30.500000,4),(109,'2020-01-10 18:00:10',6.789650,79.899406,33.900002,4),(110,'2020-01-10 18:00:10',6.790472,79.899712,35.900002,4),(111,'2020-01-10 18:00:10',6.790858,79.899979,34.500000,4),(112,'2020-01-10 18:00:10',6.791210,79.900383,36.299999,4),(113,'2020-01-10 18:00:10',6.791283,79.900505,44.400002,4),(114,'2020-01-10 18:00:10',6.791283,79.900505,45.700001,4),(115,'2020-01-10 18:00:10',6.788192,79.896263,2.900000,5),(116,'2020-01-10 18:00:10',6.788706,79.896263,3.800000,5),(117,'2020-01-10 18:00:10',6.789401,79.896255,4.200000,5),(118,'2020-01-10 18:00:10',6.789807,79.896271,30.500000,5),(119,'2020-01-10 18:00:10',6.790216,79.896523,34.200001,5),(120,'2020-01-10 18:00:10',6.790731,79.896751,40.299999,5),(121,'2020-01-10 18:00:10',6.791233,79.897194,45.299999,5),(122,'2020-01-10 18:00:10',6.791583,79.897827,43.599998,5),(123,'2020-01-10 18:00:10',6.791566,79.898529,30.400000,5),(124,'2020-01-10 18:00:10',6.791798,79.899178,90.400002,5),(125,'2020-01-10 18:00:10',6.792100,79.899422,134.300003,5),(126,'2020-01-10 18:00:10',6.791977,79.899742,90.300003,5),(127,'2020-01-10 18:00:10',6.792032,79.900436,95.300003,5),(128,'2020-01-10 18:00:10',6.791283,79.900505,90.300003,6),(129,'2020-01-10 18:00:10',6.791307,79.900764,93.199997,6),(130,'2020-01-10 18:00:10',6.791324,79.900993,92.500000,6),(131,'2020-01-10 18:00:10',6.791311,79.901390,94.300003,6),(132,'2020-01-10 18:00:10',6.791278,79.901825,60.299999,6),(133,'2020-01-10 18:00:10',6.791322,79.902275,46.299999,6),(134,'2020-01-10 18:00:10',6.791482,79.902679,30.200001,6),(135,'2020-01-10 18:00:10',6.791781,79.902954,10.200000,6),(136,'2020-01-10 18:00:10',6.792142,79.903107,2.100000,6),(137,'2020-01-10 18:00:10',6.792744,79.903107,6.700000,6),(138,'2020-01-10 18:00:10',6.793115,79.903030,10.400000,6),(139,'2020-01-10 18:00:10',6.793520,79.903160,18.400000,6),(140,'2020-01-10 18:00:10',6.793957,79.903351,20.400000,6),(141,'2020-01-10 18:00:10',6.794440,79.903435,25.299999,6),(142,'2020-01-10 18:00:10',6.794722,79.903473,23.500000,6),(143,'2020-01-10 18:00:10',6.794899,79.903481,20.400000,6),(144,'2020-01-10 18:00:10',6.795012,79.903488,20.700001,6),(145,'2020-01-10 18:00:10',6.791283,79.900505,5.600000,7),(146,'2020-01-10 18:00:10',6.791770,79.900528,10.400000,7),(147,'2020-01-10 18:00:10',6.791990,79.900528,9.300000,7),(148,'2020-01-10 18:00:10',6.792242,79.900375,350.299988,8),(149,'2020-01-10 18:00:10',6.792352,79.900253,355.299988,8),(150,'2020-01-10 18:00:10',6.792559,79.900208,5.200000,8),(151,'2020-01-10 18:00:10',6.792859,79.900291,3.400000,8),(152,'2020-01-10 18:00:10',6.793400,79.900246,10.200000,8),(153,'2020-01-10 18:00:10',6.793652,79.900169,10.200000,9),(154,'2020-01-10 18:00:10',6.793919,79.900146,11.300000,9),(155,'2020-01-10 18:00:10',6.794193,79.900139,5.300000,9),(156,'2020-01-10 18:00:10',6.794421,79.900139,3.900000,9),(157,'2020-01-10 18:00:10',6.794688,79.900162,9.300000,9),(158,'2020-01-10 18:00:10',6.794928,79.900200,6.300000,9),(159,'2020-01-10 18:00:10',6.794976,79.900215,8.400000,9),(160,'2020-01-10 18:00:10',6.794976,79.900215,9.300000,10),(161,'2020-01-10 18:00:10',6.794978,79.900208,2.300000,10),(162,'2020-01-10 18:00:10',6.795254,79.900223,3.400000,10),(163,'2020-01-10 18:00:10',6.795996,79.900291,8.900000,10),(164,'2020-01-10 18:00:10',6.796441,79.900307,7.900000,10),(165,'2020-01-10 18:00:10',6.796707,79.900322,10.400000,10),(166,'2020-01-10 18:00:10',6.797038,79.900352,12.400000,10),(167,'2020-01-10 18:00:10',6.797534,79.900414,12.500000,10),(168,'2020-01-10 18:00:10',6.797935,79.900490,11.400000,10),(169,'2020-01-10 18:00:10',6.798251,79.900543,12.600000,10),(170,'2020-01-10 18:00:10',6.798499,79.900764,11.500000,10),(171,'2020-01-10 18:00:10',6.794976,79.900215,108.099998,11),(172,'2020-01-10 18:00:10',6.794972,79.900253,109.300003,11),(173,'2020-01-10 18:00:10',6.794937,79.900330,107.199997,11),(174,'2020-01-10 18:00:10',6.794904,79.900429,107.300003,11),(175,'2020-01-10 18:00:10',6.794877,79.900520,105.300003,11),(176,'2020-01-10 18:00:10',6.794838,79.900642,106.300003,11),(177,'2020-01-10 18:00:10',6.794813,79.900719,108.400002,11),(178,'2020-01-10 18:00:10',6.794771,79.900818,109.400002,11),(179,'2020-01-10 18:00:10',6.794730,79.900932,106.599998,11),(180,'2020-01-10 18:00:10',6.794682,79.901054,107.900002,11),(181,'2020-01-10 18:00:10',6.794630,79.901176,90.400002,11),(182,'2020-01-10 18:00:10',6.794559,79.901382,63.299999,11),(183,'2020-01-10 18:00:10',6.794519,79.901558,50.299999,11),(184,'2020-01-10 18:00:10',6.794584,79.901978,43.400002,11),(185,'2020-01-10 18:00:10',6.794836,79.902206,40.500000,11),(186,'2020-01-10 18:00:10',6.795165,79.902496,45.299999,11),(187,'2020-01-10 18:00:10',6.795327,79.902779,50.200001,11),(188,'2020-01-10 18:00:10',6.795332,79.903015,90.500000,11),(189,'2020-01-10 18:00:10',6.795188,79.903313,188.899994,11),(190,'2020-01-10 18:00:10',6.795061,79.903442,189.300003,11),(191,'2020-01-10 18:00:10',6.795012,79.903488,180.500000,11);
/*!40000 ALTER TABLE `coordinate` ENABLE KEYS */;
UNLOCK TABLES;

--
-- Table structure for table `link_goal_model`
--

DROP TABLE IF EXISTS `link_goal_model`;
/*!40101 SET @saved_cs_client     = @@character_set_client */;
/*!40101 SET character_set_client = utf8 */;
CREATE TABLE `link_goal_model` (
  `id` int(6) unsigned NOT NULL AUTO_INCREMENT,
  `goal_id` int(6) DEFAULT NULL,
  `link_id` int(6) DEFAULT NULL,
  `count` int(6) DEFAULT NULL,
  PRIMARY KEY (`id`)
) ENGINE=InnoDB AUTO_INCREMENT=111 DEFAULT CHARSET=utf8;
/*!40101 SET character_set_client = @saved_cs_client */;

--
-- Dumping data for table `link_goal_model`
--

LOCK TABLES `link_goal_model` WRITE;
/*!40000 ALTER TABLE `link_goal_model` DISABLE KEYS */;
INSERT INTO `link_goal_model` VALUES (1,1,1,17),(2,1,2,17),(3,1,3,0),(4,1,4,0),(5,1,5,0),(6,1,6,0),(7,1,7,0),(8,1,8,0),(9,1,9,0),(10,1,10,0),(11,1,11,0),(12,1,12,0),(13,1,13,0),(14,1,14,3),(15,1,15,2),(16,1,16,1),(17,1,17,1),(18,1,18,1),(19,1,19,0),(20,1,20,1),(21,1,21,18),(22,1,22,0),(23,2,1,0),(24,2,2,0),(25,2,3,0),(26,2,4,0),(27,2,5,0),(28,2,6,0),(29,2,7,0),(30,2,8,0),(31,2,9,0),(32,2,10,0),(33,2,11,0),(34,2,12,0),(35,2,13,5),(36,2,14,0),(37,2,15,0),(38,2,16,0),(39,2,17,0),(40,2,18,0),(41,2,19,0),(42,2,20,0),(43,2,21,0),(44,2,22,0),(45,3,1,0),(46,3,2,0),(47,3,3,0),(48,3,4,0),(49,3,5,0),(50,3,6,0),(51,3,7,0),(52,3,8,0),(53,3,9,0),(54,3,10,0),(55,3,11,0),(56,3,12,0),(57,3,13,0),(58,3,14,0),(59,3,15,0),(60,3,16,0),(61,3,17,0),(62,3,18,0),(63,3,19,2),(64,3,20,2),(65,3,21,2),(66,3,22,0),(67,4,1,0),(68,4,2,0),(69,4,3,0),(70,4,4,0),(71,4,5,0),(72,4,6,1),(73,4,7,0),(74,4,8,0),(75,4,9,0),(76,4,10,0),(77,4,11,0),(78,4,12,0),(79,4,13,0),(80,4,14,0),(81,4,15,0),(82,4,16,0),(83,4,17,0),(84,4,18,1),(85,4,19,0),(86,4,20,0),(87,4,21,0),(88,4,22,0),(89,5,1,0),(90,5,2,0),(91,5,3,0),(92,5,4,0),(93,5,5,0),(94,5,6,0),(95,5,7,0),(96,5,8,0),(97,5,9,0),(98,5,10,25),(99,5,11,0),(100,5,12,25),(101,5,13,20),(102,5,14,0),(103,5,15,0),(104,5,16,0),(105,5,17,0),(106,5,18,0),(107,5,19,0),(108,5,20,0),(109,5,21,0),(110,5,22,0);
/*!40000 ALTER TABLE `link_goal_model` ENABLE KEYS */;
UNLOCK TABLES;

--
-- Table structure for table `meta_data`
--

DROP TABLE IF EXISTS `meta_data`;
/*!40101 SET @saved_cs_client     = @@character_set_client */;
/*!40101 SET character_set_client = utf8 */;
CREATE TABLE `meta_data` (
  `meta_key` varchar(255) DEFAULT NULL,
  `meta_value` varchar(255) DEFAULT NULL
) ENGINE=InnoDB DEFAULT CHARSET=utf8;
/*!40101 SET character_set_client = @saved_cs_client */;

--
-- Dumping data for table `meta_data`
--

LOCK TABLES `meta_data` WRITE;
/*!40000 ALTER TABLE `meta_data` DISABLE KEYS */;
INSERT INTO `meta_data` VALUES ('current_goal','0'),('current_link','0');
/*!40000 ALTER TABLE `meta_data` ENABLE KEYS */;
UNLOCK TABLES;

--
-- Table structure for table `reverse_route`
--

DROP TABLE IF EXISTS `reverse_route`;
/*!40101 SET @saved_cs_client     = @@character_set_client */;
/*!40101 SET character_set_client = utf8 */;
CREATE TABLE `reverse_route` (
  `route` int(6) DEFAULT NULL,
  `reverse_route` int(6) DEFAULT NULL
) ENGINE=InnoDB DEFAULT CHARSET=utf8;
/*!40101 SET character_set_client = @saved_cs_client */;

--
-- Dumping data for table `reverse_route`
--

LOCK TABLES `reverse_route` WRITE;
/*!40000 ALTER TABLE `reverse_route` DISABLE KEYS */;
INSERT INTO `reverse_route` VALUES (1,12),(2,13),(3,14),(4,15),(5,16),(6,17),(7,18),(8,19),(9,20),(10,21),(11,22),(12,1),(13,2),(14,3),(15,4),(16,5),(17,6),(18,7),(19,8),(20,9),(21,10),(22,11);
/*!40000 ALTER TABLE `reverse_route` ENABLE KEYS */;
UNLOCK TABLES;

--
-- Table structure for table `route`
--

DROP TABLE IF EXISTS `route`;
/*!40101 SET @saved_cs_client     = @@character_set_client */;
/*!40101 SET character_set_client = utf8 */;
CREATE TABLE `route` (
  `id` int(6) unsigned NOT NULL AUTO_INCREMENT,
  `latitude` float(10,6) DEFAULT NULL,
  `longitude` float(10,6) DEFAULT NULL,
  `direction` float(10,6) DEFAULT NULL,
  `route_id` int(6) DEFAULT NULL,
  PRIMARY KEY (`id`)
) ENGINE=InnoDB AUTO_INCREMENT=190 DEFAULT CHARSET=utf8;
/*!40101 SET character_set_client = @saved_cs_client */;

--
-- Dumping data for table `route`
--

LOCK TABLES `route` WRITE;
/*!40000 ALTER TABLE `route` DISABLE KEYS */;
INSERT INTO `route` VALUES (3,6.795149,79.899788,289.299988,1),(4,6.795308,79.899384,288.500000,1),(5,6.795451,79.898972,291.299988,1),(6,6.795576,79.898415,290.100006,1),(7,6.795613,79.898102,289.899994,1),(8,6.795664,79.898170,289.299988,1),(9,6.795692,79.897552,288.799988,1),(10,6.795789,79.897186,289.500000,1),(11,6.795915,79.896736,289.399994,1),(12,6.796066,79.896339,288.100006,1),(13,6.796191,79.895943,288.500000,1),(14,6.796322,79.895386,290.200012,1),(15,6.796431,79.894722,289.799988,1),(16,6.796655,79.894012,290.299988,1),(17,6.796873,79.893089,291.100006,1),(18,6.797249,79.892281,290.100006,1),(19,6.797609,79.889709,270.500000,1),(20,6.797761,79.890793,230.399994,1),(21,6.797714,79.889870,240.500000,1),(22,6.797564,79.889076,265.500000,1),(23,6.797494,79.888680,266.600006,1),(24,6.797330,79.888519,190.399994,2),(25,6.797020,79.888481,187.300003,2),(26,6.796680,79.888420,201.500000,2),(27,6.796430,79.888344,200.399994,2),(28,6.796200,79.888237,199.399994,2),(29,6.795980,79.888138,199.800003,2),(30,6.795720,79.888046,200.300003,2),(31,6.795520,79.887962,201.399994,2),(32,6.795310,79.887871,200.300003,2),(33,6.795220,79.887840,201.300003,2),(34,6.795050,79.887772,204.100006,2),(35,6.794890,79.887703,203.399994,2),(36,6.794690,79.887619,203.800003,2),(37,6.794510,79.887527,202.699997,2),(38,6.794260,79.887444,201.399994,2),(39,6.794050,79.887329,199.399994,2),(40,6.793900,79.887260,195.399994,2),(41,6.793730,79.887199,197.300003,2),(42,6.793560,79.887138,200.399994,2),(43,6.793330,79.887070,190.399994,2),(44,6.793110,79.886978,195.300003,2),(45,6.792920,79.886902,196.399994,2),(46,6.792730,79.886833,198.899994,2),(47,6.792540,79.886772,200.300003,2),(48,6.792330,79.886688,197.399994,2),(49,6.792160,79.886627,199.199997,2),(50,6.791970,79.886559,198.300003,2),(51,6.791800,79.886497,199.399994,2),(52,6.791600,79.886429,200.199997,2),(53,6.791400,79.886353,201.199997,2),(54,6.791170,79.886269,200.100006,2),(55,6.791010,79.886208,199.300003,2),(56,6.790780,79.886124,203.100006,2),(57,6.790580,79.886017,202.300003,2),(58,6.790340,79.885941,200.399994,2),(59,6.790190,79.885857,198.500000,2),(60,6.789970,79.885780,199.300003,2),(61,6.789700,79.885674,198.300003,2),(62,6.789460,79.885536,198.199997,2),(63,6.789210,79.885460,198.899994,2),(64,6.789040,79.885384,200.399994,2),(65,6.788820,79.885292,201.399994,2),(66,6.788520,79.885170,198.300003,2),(67,6.788160,79.885010,200.399994,2),(68,6.787920,79.885361,108.300003,3),(69,6.787870,79.885567,107.500000,3),(70,6.787810,79.885757,106.500000,3),(71,6.787740,79.885971,107.400002,3),(72,6.787660,79.886192,108.300003,3),(73,6.787580,79.886398,108.900002,3),(74,6.787590,79.886703,107.400002,3),(75,6.787630,79.887001,83.000000,3),(76,6.787700,79.887329,84.199997,3),(77,6.787750,79.887604,84.400002,3),(78,6.787830,79.887909,83.300003,3),(79,6.787780,79.888252,83.500000,3),(80,6.787770,79.888550,90.500000,3),(81,6.787710,79.888817,91.300003,3),(82,6.787730,79.889130,92.199997,3),(83,6.787870,79.889488,90.400002,3),(84,6.787940,79.889847,92.400002,3),(85,6.787950,79.890160,95.400002,3),(86,6.787990,79.890442,90.400002,3),(87,6.788000,79.890770,94.500000,3),(88,6.787960,79.891121,93.500000,3),(89,6.787980,79.891472,97.400002,3),(90,6.787970,79.891808,90.400002,3),(91,6.787990,79.892159,90.300003,3),(92,6.788030,79.892517,94.300003,3),(93,6.788010,79.892807,92.500000,3),(94,6.788010,79.893150,93.400002,3),(95,6.788010,79.893417,95.400002,3),(96,6.787930,79.893761,94.300003,3),(97,6.787732,79.894127,94.400002,3),(98,6.787838,79.894630,93.300003,3),(99,6.787968,79.895126,80.400002,3),(100,6.787940,79.894974,89.400002,3),(101,6.788045,79.895576,90.400002,3),(102,6.788186,79.896248,85.400002,4),(103,6.788242,79.896889,48.299999,4),(104,6.788588,79.898071,47.500000,4),(105,6.788829,79.898460,47.700001,4),(106,6.789104,79.898865,30.500000,4),(107,6.789650,79.899406,33.900002,4),(108,6.790472,79.899712,35.900002,4),(109,6.790858,79.899979,34.500000,4),(110,6.791210,79.900383,36.299999,4),(111,6.791283,79.900505,44.400002,4),(112,6.791283,79.900505,45.700001,4),(113,6.788192,79.896263,2.900000,5),(114,6.788706,79.896263,3.800000,5),(115,6.789401,79.896255,4.200000,5),(116,6.789807,79.896271,30.500000,5),(117,6.790216,79.896523,34.200001,5),(118,6.790731,79.896751,40.299999,5),(119,6.791233,79.897194,45.299999,5),(120,6.791583,79.897827,43.599998,5),(121,6.791566,79.898529,30.400000,5),(122,6.791798,79.899178,90.400002,5),(123,6.792100,79.899422,134.300003,5),(124,6.791977,79.899742,90.300003,5),(125,6.792032,79.900436,95.300003,5),(126,6.791283,79.900505,90.300003,6),(127,6.791307,79.900764,93.199997,6),(128,6.791324,79.900993,92.500000,6),(129,6.791311,79.901390,94.300003,6),(130,6.791278,79.901825,60.299999,6),(131,6.791322,79.902275,46.299999,6),(132,6.791482,79.902679,30.200001,6),(133,6.791781,79.902954,10.200000,6),(134,6.792142,79.903107,2.100000,6),(135,6.792744,79.903107,6.700000,6),(136,6.793115,79.903030,10.400000,6),(137,6.793520,79.903160,18.400000,6),(138,6.793957,79.903351,20.400000,6),(139,6.794440,79.903435,25.299999,6),(140,6.794722,79.903473,23.500000,6),(141,6.794899,79.903481,20.400000,6),(142,6.795012,79.903488,20.700001,6),(143,6.791283,79.900505,5.600000,7),(144,6.791770,79.900528,10.400000,7),(145,6.791990,79.900528,9.300000,7),(146,6.792242,79.900375,350.299988,8),(147,6.792352,79.900253,355.299988,8),(148,6.792559,79.900208,5.200000,8),(149,6.792859,79.900291,3.400000,8),(150,6.793400,79.900246,10.200000,8),(151,6.793652,79.900169,10.200000,9),(152,6.793919,79.900146,11.300000,9),(153,6.794193,79.900139,5.300000,9),(154,6.794421,79.900139,3.900000,9),(155,6.794688,79.900162,9.300000,9),(156,6.794928,79.900200,6.300000,9),(157,6.794976,79.900215,8.400000,9),(158,6.794976,79.900215,9.300000,10),(159,6.794978,79.900208,2.300000,10),(160,6.795254,79.900223,3.400000,10),(161,6.795996,79.900291,8.900000,10),(162,6.796441,79.900307,7.900000,10),(163,6.796707,79.900322,10.400000,10),(164,6.797038,79.900352,12.400000,10),(165,6.797534,79.900414,12.500000,10),(166,6.797935,79.900490,11.400000,10),(167,6.798251,79.900543,12.600000,10),(168,6.798499,79.900764,11.500000,10),(169,6.794976,79.900215,108.099998,11),(170,6.794972,79.900253,109.300003,11),(171,6.794937,79.900330,107.199997,11),(172,6.794904,79.900429,107.300003,11),(173,6.794877,79.900520,105.300003,11),(174,6.794838,79.900642,106.300003,11),(175,6.794813,79.900719,108.400002,11),(176,6.794771,79.900818,109.400002,11),(177,6.794730,79.900932,106.599998,11),(178,6.794682,79.901054,107.900002,11),(179,6.794630,79.901176,90.400002,11),(180,6.794559,79.901382,63.299999,11),(181,6.794519,79.901558,50.299999,11),(182,6.794584,79.901978,43.400002,11),(183,6.794836,79.902206,40.500000,11),(184,6.795165,79.902496,45.299999,11),(185,6.795327,79.902779,50.200001,11),(186,6.795332,79.903015,90.500000,11),(187,6.795188,79.903313,188.899994,11),(188,6.795061,79.903442,189.300003,11),(189,6.795012,79.903488,180.500000,11);
/*!40000 ALTER TABLE `route` ENABLE KEYS */;
UNLOCK TABLES;

--
-- Table structure for table `route_map_model`
--

DROP TABLE IF EXISTS `route_map_model`;
/*!40101 SET @saved_cs_client     = @@character_set_client */;
/*!40101 SET character_set_client = utf8 */;
CREATE TABLE `route_map_model` (
  `id` int(6) unsigned NOT NULL AUTO_INCREMENT,
  `route_from` int(6) DEFAULT NULL,
  `route_to` int(6) DEFAULT NULL,
  `current_goal` int(6) DEFAULT NULL,
  `count` int(6) DEFAULT NULL,
  PRIMARY KEY (`id`)
) ENGINE=InnoDB AUTO_INCREMENT=5 DEFAULT CHARSET=utf8;
/*!40101 SET character_set_client = @saved_cs_client */;

--
-- Dumping data for table `route_map_model`
--

LOCK TABLES `route_map_model` WRITE;
/*!40000 ALTER TABLE `route_map_model` DISABLE KEYS */;
INSERT INTO `route_map_model` VALUES (1,12,10,5,20),(2,12,11,5,0),(3,12,1,5,0),(4,12,20,5,0);
/*!40000 ALTER TABLE `route_map_model` ENABLE KEYS */;
UNLOCK TABLES;
/*!40103 SET TIME_ZONE=@OLD_TIME_ZONE */;

/*!40101 SET SQL_MODE=@OLD_SQL_MODE */;
/*!40014 SET FOREIGN_KEY_CHECKS=@OLD_FOREIGN_KEY_CHECKS */;
/*!40014 SET UNIQUE_CHECKS=@OLD_UNIQUE_CHECKS */;
/*!40101 SET CHARACTER_SET_CLIENT=@OLD_CHARACTER_SET_CLIENT */;
/*!40101 SET CHARACTER_SET_RESULTS=@OLD_CHARACTER_SET_RESULTS */;
/*!40101 SET COLLATION_CONNECTION=@OLD_COLLATION_CONNECTION */;
/*!40111 SET SQL_NOTES=@OLD_SQL_NOTES */;

-- Dump completed on 2020-01-17 21:01:16
