-- MySQL dump 10.13  Distrib 5.7.22, for osx10.13 (x86_64)
--
-- Host: localhost    Database: router
-- ------------------------------------------------------
-- Server version	5.7.22

/*!40101 SET @OLD_CHARACTER_SET_CLIENT=@@CHARACTER_SET_CLIENT */;
/*!40101 SET @OLD_CHARACTER_SET_RESULTS=@@CHARACTER_SET_RESULTS */;
/*!40101 SET @OLD_COLLATION_CONNECTION=@@COLLATION_CONNECTION */;
/*!40101 SET NAMES utf8 */;
/*!40103 SET @OLD_TIME_ZONE=@@TIME_ZONE */;
/*!40103 SET TIME_ZONE='+00:00' */;
/*!40014 SET @OLD_UNIQUE_CHECKS=@@UNIQUE_CHECKS, UNIQUE_CHECKS=0 */;
/*!40014 SET @OLD_FOREIGN_KEY_CHECKS=@@FOREIGN_KEY_CHECKS, FOREIGN_KEY_CHECKS=0 */;
/*!40101 SET @OLD_SQL_MODE=@@SQL_MODE, SQL_MODE='NO_AUTO_VALUE_ON_ZERO' */;
/*!40111 SET @OLD_SQL_NOTES=@@SQL_NOTES, SQL_NOTES=0 */;

--
-- Current Database: `router`
--

CREATE DATABASE /*!32312 IF NOT EXISTS*/ `router` /*!40100 DEFAULT CHARACTER SET utf8 */;

USE `router`;

--
-- Table structure for table `apms_zones`
--

DROP TABLE IF EXISTS `apms_zones`;
/*!40101 SET @saved_cs_client     = @@character_set_client */;
/*!40101 SET character_set_client = utf8 */;
CREATE TABLE `apms_zones` (
  `id` int(6) unsigned NOT NULL AUTO_INCREMENT,
  `latitude` float(10,6) DEFAULT NULL,
  `longitude` float(10,6) DEFAULT NULL,
  `acc_x_apms` float(10,6) DEFAULT NULL,
  `acc_y_apms` float(10,6) DEFAULT NULL,
  `safty_threshold` float(10,6) DEFAULT NULL,
  `safty_sign` varchar(45) DEFAULT '0',
  PRIMARY KEY (`id`)
) ENGINE=InnoDB AUTO_INCREMENT=5 DEFAULT CHARSET=utf8;
/*!40101 SET character_set_client = @saved_cs_client */;

--
-- Dumping data for table `apms_zones`
--

LOCK TABLES `apms_zones` WRITE;
/*!40000 ALTER TABLE `apms_zones` DISABLE KEYS */;
INSERT INTO `apms_zones` VALUES (3,6.795012,79.903488,0.853220,-0.503932,3.125000,'0'),(4,6.794838,79.900642,0.923220,-0.643932,3.125000,'0');
/*!40000 ALTER TABLE `apms_zones` ENABLE KEYS */;
UNLOCK TABLES;

--
-- Table structure for table `coordinate`
--

DROP TABLE IF EXISTS `coordinate`;
/*!40101 SET @saved_cs_client     = @@character_set_client */;
/*!40101 SET character_set_client = utf8 */;
CREATE TABLE `coordinate` (
  `id` int(6) unsigned NOT NULL AUTO_INCREMENT,
  `time` timestamp NOT NULL DEFAULT CURRENT_TIMESTAMP ON UPDATE CURRENT_TIMESTAMP,
  `latitude` float(10,6) DEFAULT NULL,
  `longitude` float(10,6) DEFAULT NULL,
  `direction` float(10,6) DEFAULT NULL,
  `acc_x` float(10,6) DEFAULT NULL,
  `acc_y` float(10,6) DEFAULT NULL,
  `speed` float(10,6) DEFAULT NULL,
  `track_id` int(6) DEFAULT NULL,
  PRIMARY KEY (`id`)
) ENGINE=InnoDB AUTO_INCREMENT=1280 DEFAULT CHARSET=utf8;
/*!40101 SET character_set_client = @saved_cs_client */;

--
-- Dumping data for table `coordinate`
--

LOCK TABLES `coordinate` WRITE;
/*!40000 ALTER TABLE `coordinate` DISABLE KEYS */;
INSERT INTO `coordinate` VALUES (4,'2020-01-22 15:12:13',6.795038,79.900055,290.500000,0.000000,0.000000,0.000000,1),(5,'2020-01-22 15:12:13',6.795149,79.899788,289.299988,0.000000,0.000000,0.000000,1),(6,'2020-01-22 15:12:13',6.795308,79.899384,288.500000,0.000000,0.000000,0.000000,1),(7,'2020-01-22 15:12:13',6.795451,79.898972,291.299988,0.000000,0.000000,0.000000,1),(8,'2020-01-22 15:12:13',6.795576,79.898415,290.100006,0.000000,0.000000,0.000000,1),(9,'2020-01-22 15:12:13',6.795613,79.898102,289.899994,0.000000,0.000000,0.000000,1),(10,'2020-01-22 15:12:13',6.795664,79.898170,289.299988,0.000000,0.000000,0.000000,1),(11,'2020-01-22 15:12:13',6.795692,79.897552,288.799988,0.000000,0.000000,0.000000,1),(12,'2020-01-22 15:12:13',6.795789,79.897186,289.500000,0.000000,0.000000,0.000000,1),(13,'2020-01-22 15:12:13',6.795915,79.896736,289.399994,0.000000,0.000000,0.000000,1),(14,'2020-01-22 15:12:13',6.796066,79.896339,288.100006,0.000000,0.000000,0.000000,1),(15,'2020-01-22 15:12:13',6.796191,79.895943,288.500000,0.000000,0.000000,0.000000,1),(16,'2020-01-22 15:12:13',6.796322,79.895386,290.200012,0.000000,0.000000,0.000000,1),(17,'2020-01-22 15:12:13',6.796431,79.894722,289.799988,0.000000,0.000000,0.000000,1),(18,'2020-01-22 15:12:13',6.796655,79.894012,290.299988,0.000000,0.000000,0.000000,1),(19,'2020-01-22 15:12:13',6.796873,79.893089,291.100006,0.000000,0.000000,0.000000,1),(20,'2020-01-22 15:12:13',6.797249,79.892281,290.100006,0.000000,0.000000,0.000000,1),(21,'2020-01-22 15:12:13',6.797609,79.889709,270.500000,0.000000,0.000000,0.000000,1),(22,'2020-01-22 15:12:13',6.797761,79.890793,230.399994,0.000000,0.000000,0.000000,1),(23,'2020-01-22 15:12:13',6.797714,79.889870,240.500000,0.000000,0.000000,0.000000,1),(24,'2020-01-22 15:12:13',6.797564,79.889076,265.500000,0.000000,0.000000,0.000000,1),(25,'2020-01-22 15:12:13',6.797494,79.888680,266.600006,0.000000,0.000000,0.000000,1),(26,'2020-01-22 15:12:13',6.797330,79.888519,190.399994,0.000000,0.000000,0.000000,2),(27,'2020-01-22 15:12:13',6.797020,79.888481,187.300003,0.000000,0.000000,0.000000,2),(28,'2020-01-22 15:12:13',6.796680,79.888420,201.500000,0.000000,0.000000,0.000000,2),(29,'2020-01-22 15:12:13',6.796430,79.888344,200.399994,0.000000,0.000000,0.000000,2),(30,'2020-01-22 15:12:13',6.796200,79.888237,199.399994,0.000000,0.000000,0.000000,2),(31,'2020-01-22 15:12:13',6.795980,79.888138,199.800003,0.000000,0.000000,0.000000,2),(32,'2020-01-22 15:12:13',6.795720,79.888046,200.300003,0.000000,0.000000,0.000000,2),(33,'2020-01-22 15:12:13',6.795520,79.887962,201.399994,0.000000,0.000000,0.000000,2),(34,'2020-01-22 15:12:13',6.795310,79.887871,200.300003,0.000000,0.000000,0.000000,2),(35,'2020-01-22 15:12:13',6.795220,79.887840,201.300003,0.000000,0.000000,0.000000,2),(36,'2020-01-22 15:12:13',6.795050,79.887772,204.100006,0.000000,0.000000,0.000000,2),(37,'2020-01-22 15:12:13',6.794890,79.887703,203.399994,0.000000,0.000000,0.000000,2),(38,'2020-01-22 15:12:13',6.794690,79.887619,203.800003,0.000000,0.000000,0.000000,2),(39,'2020-01-22 15:12:13',6.794510,79.887527,202.699997,0.000000,0.000000,0.000000,2),(40,'2020-01-22 15:12:13',6.794260,79.887444,201.399994,0.000000,0.000000,0.000000,2),(41,'2020-01-22 15:12:13',6.794050,79.887329,199.399994,0.000000,0.000000,0.000000,2),(42,'2020-01-22 15:12:13',6.793900,79.887260,195.399994,0.000000,0.000000,0.000000,2),(43,'2020-01-22 15:12:13',6.793730,79.887199,197.300003,0.000000,0.000000,0.000000,2),(44,'2020-01-22 15:12:13',6.793560,79.887138,200.399994,0.000000,0.000000,0.000000,2),(45,'2020-01-22 15:12:13',6.793330,79.887070,190.399994,0.000000,0.000000,0.000000,2),(46,'2020-01-22 15:12:13',6.793110,79.886978,195.300003,0.000000,0.000000,0.000000,2),(47,'2020-01-22 15:12:13',6.792920,79.886902,196.399994,0.000000,0.000000,0.000000,2),(48,'2020-01-22 15:12:13',6.792730,79.886833,198.899994,0.000000,0.000000,0.000000,2),(49,'2020-01-22 15:12:13',6.792540,79.886772,200.300003,0.000000,0.000000,0.000000,2),(50,'2020-01-22 15:12:13',6.792330,79.886688,197.399994,0.000000,0.000000,0.000000,2),(51,'2020-01-22 15:12:13',6.792160,79.886627,199.199997,0.000000,0.000000,0.000000,2),(52,'2020-01-22 15:12:13',6.791970,79.886559,198.300003,0.000000,0.000000,0.000000,2),(53,'2020-01-22 15:12:13',6.791800,79.886497,199.399994,0.000000,0.000000,0.000000,2),(54,'2020-01-22 15:12:13',6.791600,79.886429,200.199997,0.000000,0.000000,0.000000,2),(55,'2020-01-22 15:12:13',6.791400,79.886353,201.199997,0.000000,0.000000,0.000000,2),(56,'2020-01-22 15:12:13',6.791170,79.886269,200.100006,0.000000,0.000000,0.000000,2),(57,'2020-01-22 15:12:13',6.791010,79.886208,199.300003,0.000000,0.000000,0.000000,2),(58,'2020-01-22 15:12:13',6.790780,79.886124,203.100006,0.000000,0.000000,0.000000,2),(59,'2020-01-22 15:12:13',6.790580,79.886017,202.300003,0.000000,0.000000,0.000000,2),(60,'2020-01-22 15:12:13',6.790340,79.885941,200.399994,0.000000,0.000000,0.000000,2),(61,'2020-01-22 15:12:13',6.790190,79.885857,198.500000,0.000000,0.000000,0.000000,2),(62,'2020-01-22 15:12:13',6.789970,79.885780,199.300003,0.000000,0.000000,0.000000,2),(63,'2020-01-22 15:12:13',6.789700,79.885674,198.300003,0.000000,0.000000,0.000000,2),(64,'2020-01-22 15:12:13',6.789460,79.885536,198.199997,0.000000,0.000000,0.000000,2),(65,'2020-01-22 15:12:13',6.789210,79.885460,198.899994,0.000000,0.000000,0.000000,2),(66,'2020-01-22 15:12:13',6.789040,79.885384,200.399994,0.000000,0.000000,0.000000,2),(67,'2020-01-22 15:12:13',6.788820,79.885292,201.399994,0.000000,0.000000,0.000000,2),(68,'2020-01-22 15:12:13',6.788520,79.885170,198.300003,0.000000,0.000000,0.000000,2),(69,'2020-01-22 15:12:13',6.788160,79.885010,200.399994,0.000000,0.000000,0.000000,2),(70,'2020-01-22 15:12:13',6.787920,79.885361,108.300003,0.000000,0.000000,0.000000,3),(71,'2020-01-22 15:12:13',6.787870,79.885567,107.500000,0.000000,0.000000,0.000000,3),(72,'2020-01-22 15:12:13',6.787810,79.885757,106.500000,0.000000,0.000000,0.000000,3),(73,'2020-01-22 15:12:13',6.787740,79.885971,107.400002,0.000000,0.000000,0.000000,3),(74,'2020-01-22 15:12:13',6.787660,79.886192,108.300003,0.000000,0.000000,0.000000,3),(75,'2020-01-22 15:12:13',6.787580,79.886398,108.900002,0.000000,0.000000,0.000000,3),(76,'2020-01-22 15:12:13',6.787590,79.886703,107.400002,0.000000,0.000000,0.000000,3),(77,'2020-01-22 15:12:13',6.787630,79.887001,83.000000,0.000000,0.000000,0.000000,3),(78,'2020-01-22 15:12:13',6.787700,79.887329,84.199997,0.000000,0.000000,0.000000,3),(79,'2020-01-22 15:12:13',6.787750,79.887604,84.400002,0.000000,0.000000,0.000000,3),(80,'2020-01-22 15:12:13',6.787830,79.887909,83.300003,0.000000,0.000000,0.000000,3),(81,'2020-01-22 15:12:13',6.787780,79.888252,83.500000,0.000000,0.000000,0.000000,3),(82,'2020-01-22 15:12:13',6.787770,79.888550,90.500000,0.000000,0.000000,0.000000,3),(83,'2020-01-22 15:12:13',6.787710,79.888817,91.300003,0.000000,0.000000,0.000000,3),(84,'2020-01-22 15:12:13',6.787730,79.889130,92.199997,0.000000,0.000000,0.000000,3),(85,'2020-01-22 15:12:13',6.787870,79.889488,90.400002,0.000000,0.000000,0.000000,3),(86,'2020-01-22 15:12:13',6.787940,79.889847,92.400002,0.000000,0.000000,0.000000,3),(87,'2020-01-22 15:12:13',6.787950,79.890160,95.400002,0.000000,0.000000,0.000000,3),(88,'2020-01-22 15:12:13',6.787990,79.890442,90.400002,0.000000,0.000000,0.000000,3),(89,'2020-01-22 15:12:13',6.788000,79.890770,94.500000,0.000000,0.000000,0.000000,3),(90,'2020-01-22 15:12:13',6.787960,79.891121,93.500000,0.000000,0.000000,0.000000,3),(91,'2020-01-22 15:12:13',6.787980,79.891472,97.400002,0.000000,0.000000,0.000000,3),(92,'2020-01-22 15:12:13',6.787970,79.891808,90.400002,0.000000,0.000000,0.000000,3),(93,'2020-01-22 15:12:13',6.787990,79.892159,90.300003,0.000000,0.000000,0.000000,3),(94,'2020-01-22 15:12:13',6.788030,79.892517,94.300003,0.000000,0.000000,0.000000,3),(95,'2020-01-22 15:12:13',6.788010,79.892807,92.500000,0.000000,0.000000,0.000000,3),(96,'2020-01-22 15:12:13',6.788010,79.893150,93.400002,0.000000,0.000000,0.000000,3),(97,'2020-01-22 15:12:13',6.788010,79.893417,95.400002,0.000000,0.000000,0.000000,3),(98,'2020-01-22 15:12:13',6.787930,79.893761,94.300003,0.000000,0.000000,0.000000,3),(99,'2020-01-22 15:12:13',6.787732,79.894127,94.400002,0.000000,0.000000,0.000000,3),(100,'2020-01-22 15:12:13',6.787838,79.894630,93.300003,0.000000,0.000000,0.000000,3),(101,'2020-01-22 15:12:13',6.787968,79.895126,80.400002,0.000000,0.000000,0.000000,3),(102,'2020-01-22 15:12:13',6.787940,79.894974,89.400002,0.000000,0.000000,0.000000,3),(103,'2020-01-22 15:12:13',6.788045,79.895576,90.400002,0.000000,0.000000,0.000000,3),(104,'2020-01-22 15:12:13',6.788186,79.896248,85.400002,0.000000,0.000000,0.000000,4),(105,'2020-01-22 15:12:13',6.788242,79.896889,48.299999,0.000000,0.000000,0.000000,4),(106,'2020-01-22 15:12:13',6.788588,79.898071,47.500000,0.000000,0.000000,0.000000,4),(107,'2020-01-22 15:12:13',6.788829,79.898460,47.700001,0.000000,0.000000,0.000000,4),(108,'2020-01-22 15:12:13',6.789104,79.898865,30.500000,0.000000,0.000000,0.000000,4),(109,'2020-01-22 15:12:13',6.789650,79.899406,33.900002,0.000000,0.000000,0.000000,4),(110,'2020-01-22 15:12:13',6.790472,79.899712,35.900002,0.000000,0.000000,0.000000,4),(111,'2020-01-22 15:12:13',6.790858,79.899979,34.500000,0.000000,0.000000,0.000000,4),(112,'2020-01-22 15:12:13',6.791210,79.900383,36.299999,0.000000,0.000000,0.000000,4),(113,'2020-01-22 15:12:13',6.791283,79.900505,44.400002,0.000000,0.000000,0.000000,4),(114,'2020-01-22 15:12:13',6.791283,79.900505,45.700001,0.000000,0.000000,0.000000,4),(115,'2020-01-22 15:12:13',6.788192,79.896263,2.900000,0.000000,0.000000,0.000000,5),(116,'2020-01-22 15:12:13',6.788706,79.896263,3.800000,0.000000,0.000000,0.000000,5),(117,'2020-01-22 15:12:13',6.789401,79.896255,4.200000,0.000000,0.000000,0.000000,5),(118,'2020-01-22 15:12:13',6.789807,79.896271,30.500000,0.000000,0.000000,0.000000,5),(119,'2020-01-22 15:12:13',6.790216,79.896523,34.200001,0.000000,0.000000,0.000000,5),(120,'2020-01-22 15:12:13',6.790731,79.896751,40.299999,0.000000,0.000000,0.000000,5),(121,'2020-01-22 15:12:13',6.791233,79.897194,45.299999,0.000000,0.000000,0.000000,5),(122,'2020-01-22 15:12:13',6.791583,79.897827,43.599998,0.000000,0.000000,0.000000,5),(123,'2020-01-22 15:12:13',6.791566,79.898529,30.400000,0.000000,0.000000,0.000000,5),(124,'2020-01-22 15:12:13',6.791798,79.899178,90.400002,0.000000,0.000000,0.000000,5),(125,'2020-01-22 15:12:13',6.792100,79.899422,134.300003,0.000000,0.000000,0.000000,5),(126,'2020-01-22 15:12:13',6.791977,79.899742,90.300003,0.000000,0.000000,0.000000,5),(127,'2020-01-22 15:12:13',6.792032,79.900436,95.300003,0.000000,0.000000,0.000000,5),(128,'2020-01-22 15:12:13',6.791283,79.900505,90.300003,0.000000,0.000000,0.000000,6),(129,'2020-01-22 15:12:13',6.791307,79.900764,93.199997,0.000000,0.000000,0.000000,6),(130,'2020-01-22 15:12:13',6.791324,79.900993,92.500000,0.000000,0.000000,0.000000,6),(131,'2020-01-22 15:12:13',6.791311,79.901390,94.300003,0.000000,0.000000,0.000000,6),(132,'2020-01-22 15:12:13',6.791278,79.901825,60.299999,0.000000,0.000000,0.000000,6),(133,'2020-01-22 15:12:13',6.791322,79.902275,46.299999,0.000000,0.000000,0.000000,6),(134,'2020-01-22 15:12:13',6.791482,79.902679,30.200001,0.000000,0.000000,0.000000,6),(135,'2020-01-22 15:12:13',6.791781,79.902954,10.200000,0.000000,0.000000,0.000000,6),(136,'2020-01-22 15:12:13',6.792142,79.903107,2.100000,0.000000,0.000000,0.000000,6),(137,'2020-01-22 15:12:13',6.792744,79.903107,6.700000,0.000000,0.000000,0.000000,6),(138,'2020-01-22 15:12:13',6.793115,79.903030,10.400000,0.000000,0.000000,0.000000,6),(139,'2020-01-22 15:12:13',6.793520,79.903160,18.400000,0.000000,0.000000,0.000000,6),(140,'2020-01-22 15:12:13',6.793957,79.903351,20.400000,0.000000,0.000000,0.000000,6),(141,'2020-01-22 15:12:13',6.794440,79.903435,25.299999,0.000000,0.000000,0.000000,6),(142,'2020-01-22 15:12:13',6.794722,79.903473,23.500000,0.000000,0.000000,0.000000,6),(143,'2020-01-22 15:12:13',6.794899,79.903481,20.400000,0.000000,0.000000,0.000000,6),(144,'2020-01-22 15:12:13',6.795012,79.903488,20.700001,0.000000,0.000000,0.000000,6),(145,'2020-01-22 15:12:13',6.791283,79.900505,5.600000,0.000000,0.000000,0.000000,7),(146,'2020-01-22 15:12:13',6.791770,79.900528,10.400000,0.000000,0.000000,0.000000,7),(147,'2020-01-22 15:12:13',6.791990,79.900528,9.300000,0.000000,0.000000,0.000000,7),(148,'2020-01-22 15:12:13',6.792242,79.900375,350.299988,0.000000,0.000000,0.000000,8),(149,'2020-01-22 15:12:13',6.792352,79.900253,355.299988,0.000000,0.000000,0.000000,8),(150,'2020-01-22 15:12:13',6.792559,79.900208,5.200000,0.000000,0.000000,0.000000,8),(151,'2020-01-22 15:12:13',6.792859,79.900291,3.400000,0.000000,0.000000,0.000000,8),(152,'2020-01-22 15:12:13',6.793400,79.900246,10.200000,0.000000,0.000000,0.000000,8),(153,'2020-01-22 15:12:13',6.793652,79.900169,10.200000,0.000000,0.000000,0.000000,9),(154,'2020-01-22 15:12:13',6.793919,79.900146,11.300000,0.000000,0.000000,0.000000,9),(155,'2020-01-22 15:12:13',6.794193,79.900139,5.300000,0.000000,0.000000,0.000000,9),(156,'2020-01-22 15:12:13',6.794421,79.900139,3.900000,0.000000,0.000000,0.000000,9),(157,'2020-01-22 15:12:13',6.794688,79.900162,9.300000,0.000000,0.000000,0.000000,9),(158,'2020-01-22 15:12:13',6.794928,79.900200,6.300000,0.000000,0.000000,0.000000,9),(159,'2020-01-22 15:12:13',6.794976,79.900215,8.400000,0.000000,0.000000,0.000000,9),(160,'2020-01-22 15:12:13',6.794976,79.900215,9.300000,0.000000,0.000000,0.000000,10),(161,'2020-01-22 15:12:13',6.794978,79.900208,2.300000,0.000000,0.000000,0.000000,10),(162,'2020-01-22 15:12:13',6.795254,79.900223,3.400000,0.000000,0.000000,0.000000,10),(163,'2020-01-22 15:12:13',6.795996,79.900291,8.900000,0.000000,0.000000,0.000000,10),(164,'2020-01-22 15:12:13',6.796441,79.900307,7.900000,0.000000,0.000000,0.000000,10),(165,'2020-01-22 15:12:13',6.796707,79.900322,10.400000,0.000000,0.000000,0.000000,10),(166,'2020-01-22 15:12:13',6.797038,79.900352,12.400000,0.000000,0.000000,0.000000,10),(167,'2020-01-22 15:12:13',6.797534,79.900414,12.500000,0.000000,0.000000,0.000000,10),(168,'2020-01-22 15:12:13',6.797935,79.900490,11.400000,0.000000,0.000000,0.000000,10),(169,'2020-01-22 15:12:13',6.798251,79.900543,12.600000,0.000000,0.000000,0.000000,10),(170,'2020-01-22 15:12:13',6.798499,79.900764,11.500000,0.000000,0.000000,0.000000,10),(171,'2020-01-22 15:12:13',6.794976,79.900215,108.099998,0.000000,0.000000,0.000000,11),(172,'2020-01-22 15:12:13',6.794972,79.900253,109.300003,0.000000,0.000000,0.000000,11),(173,'2020-01-22 15:12:13',6.794937,79.900330,107.199997,0.000000,0.000000,0.000000,11),(174,'2020-01-22 15:12:13',6.794904,79.900429,107.300003,0.000000,0.000000,0.000000,11),(175,'2020-01-22 15:12:13',6.794877,79.900520,105.300003,0.000000,0.000000,0.000000,11),(176,'2020-01-22 15:12:13',6.794838,79.900642,106.300003,0.000000,0.000000,0.000000,11),(177,'2020-01-22 15:12:13',6.794813,79.900719,108.400002,0.000000,0.000000,0.000000,11),(178,'2020-01-22 15:12:13',6.794771,79.900818,109.400002,0.000000,0.000000,0.000000,11),(179,'2020-01-22 15:12:13',6.794730,79.900932,106.599998,0.000000,0.000000,0.000000,11),(180,'2020-01-22 15:12:13',6.794682,79.901054,107.900002,0.000000,0.000000,0.000000,11),(181,'2020-01-22 15:12:13',6.794630,79.901176,90.400002,0.000000,0.000000,0.000000,11),(182,'2020-01-22 15:12:13',6.794559,79.901382,63.299999,0.000000,0.000000,0.000000,11),(183,'2020-01-22 15:12:13',6.794519,79.901558,50.299999,0.000000,0.000000,0.000000,11),(184,'2020-01-22 15:12:13',6.794584,79.901978,43.400002,0.000000,0.000000,0.000000,11),(185,'2020-01-22 15:12:13',6.794836,79.902206,40.500000,0.000000,0.000000,0.000000,11),(186,'2020-01-22 15:12:13',6.795165,79.902496,45.299999,0.000000,0.000000,0.000000,11),(187,'2020-01-22 16:28:05',6.795327,79.902779,50.200001,2.300000,0.700000,0.000000,11),(188,'2020-01-22 15:57:46',6.795332,79.903015,90.500000,0.800000,0.200000,0.000000,11),(189,'2020-01-22 15:57:15',6.795188,79.903313,188.899994,1.500000,0.800000,0.000000,11),(190,'2020-01-22 15:56:20',6.795061,79.903442,189.300003,1.000000,0.900000,0.000000,11),(191,'2020-01-22 15:40:26',6.795012,79.903488,180.500000,1.200000,1.100000,0.000000,11),(194,'2020-03-09 12:54:54',6.797020,79.888481,200.000000,0.210000,0.900000,10.000000,1),(195,'2020-03-09 12:54:54',6.797020,79.888481,200.000000,0.110000,0.900000,10.000000,1),(196,'2020-03-09 12:54:54',6.797020,79.888481,200.000000,0.450000,0.900000,10.000000,1),(197,'2020-03-09 12:54:54',6.797020,79.888481,200.000000,0.320000,0.900000,10.000000,1),(198,'2020-03-09 12:54:54',6.797020,79.888481,200.000000,0.340000,0.900000,10.000000,1),(199,'2020-03-09 12:54:54',6.797020,79.888481,200.000000,0.480000,0.900000,10.000000,1),(200,'2020-03-09 12:54:54',6.797020,79.888481,200.000000,0.010000,0.900000,10.000000,1),(201,'2020-03-09 12:54:54',6.797020,79.888481,200.000000,0.230000,0.900000,10.000000,1),(202,'2020-03-09 12:54:54',6.797020,79.888481,200.000000,0.340000,0.900000,10.000000,1),(206,'2020-03-09 12:59:48',6.797020,79.888481,200.000000,0.110000,0.900000,10.000000,1),(207,'2020-03-09 12:59:48',6.797020,79.888481,200.000000,0.210000,0.900000,10.000000,1),(212,'2020-03-09 13:00:34',6.797020,79.888481,200.000000,0.110000,0.900000,10.000000,1),(213,'2020-03-09 13:00:34',6.797020,79.888481,200.000000,0.210000,0.900000,10.000000,1),(214,'2020-03-09 13:00:34',6.797020,79.888481,200.000000,0.450000,0.900000,10.000000,1),(218,'2020-03-09 13:05:43',79.888481,6.797020,200.000000,0.110000,0.200000,30.000000,1),(219,'2020-03-09 13:05:43',79.888481,6.797020,200.000000,0.110000,0.200000,30.000000,1),(220,'2020-03-09 13:17:34',79.888481,6.797020,200.000000,0.110000,0.200000,30.000000,1),(221,'2020-03-09 13:17:34',79.888481,6.797020,200.000000,0.230000,0.200000,30.000000,1),(222,'2020-03-09 13:17:34',79.888481,6.797020,200.000000,0.310000,0.200000,30.000000,1),(223,'2020-03-09 13:17:34',79.888481,6.797020,200.000000,0.420000,0.200000,30.000000,1),(224,'2020-03-09 13:17:34',79.888481,6.797020,200.000000,0.020000,0.200000,30.000000,1),(225,'2020-03-09 13:17:34',79.888481,6.797020,200.000000,0.210000,0.200000,30.000000,1),(226,'2020-03-09 13:17:34',79.888481,6.797020,200.000000,0.140000,0.200000,30.000000,1),(227,'2020-03-09 13:17:34',79.888481,6.797020,200.000000,0.320000,0.200000,30.000000,1),(228,'2020-03-09 13:17:34',79.888481,6.797020,200.000000,0.320000,0.200000,30.000000,1),(229,'2020-03-09 13:17:34',79.888481,6.797020,200.000000,0.430000,0.200000,30.000000,1),(230,'2020-03-09 13:17:34',79.888481,6.797020,200.000000,0.560000,0.200000,30.000000,1),(231,'2020-03-09 13:17:34',79.888481,6.797020,200.000000,0.630000,0.200000,30.000000,1),(232,'2020-03-09 13:17:34',79.888481,6.797020,200.000000,0.730000,0.200000,30.000000,1),(233,'2020-03-09 13:17:34',79.888481,6.797020,200.000000,0.830000,0.200000,30.000000,1),(234,'2020-03-09 13:17:34',79.888481,6.797020,200.000000,0.930000,0.200000,30.000000,1),(235,'2020-03-09 13:17:34',79.888481,6.797020,200.000000,0.540000,0.200000,30.000000,1),(236,'2020-03-09 13:17:34',79.888481,6.797020,200.000000,0.620000,0.200000,30.000000,1),(237,'2020-03-09 13:17:34',79.888481,6.797020,200.000000,0.720000,0.200000,30.000000,1),(238,'2020-03-09 13:17:34',79.888481,6.797020,200.000000,0.810000,0.200000,30.000000,1),(239,'2020-03-09 13:17:34',79.888481,6.797020,200.000000,0.940000,0.200000,30.000000,1),(240,'2020-03-09 13:17:34',79.888481,6.797020,200.000000,0.570000,0.200000,30.000000,1),(241,'2020-03-09 13:17:34',79.888481,6.797020,200.000000,1.010000,0.200000,30.000000,1),(242,'2020-03-09 13:17:34',79.888481,6.797020,200.000000,1.230000,0.200000,30.000000,1),(243,'2020-03-09 13:17:34',79.888481,6.797020,200.000000,1.320000,0.200000,30.000000,1),(244,'2020-03-09 13:17:34',79.888481,6.797020,200.000000,1.410000,0.200000,30.000000,1),(245,'2020-03-09 13:17:34',79.888481,6.797020,200.000000,1.030000,0.200000,30.000000,1),(246,'2020-03-09 13:17:34',79.888481,6.797020,200.000000,1.130000,0.200000,30.000000,1),(247,'2020-03-09 13:17:34',79.888481,6.797020,200.000000,1.250000,0.200000,30.000000,1),(248,'2020-03-09 13:17:34',79.888481,6.797020,200.000000,1.370000,0.200000,30.000000,1),(249,'2020-03-09 13:17:34',79.888481,6.797020,200.000000,1.420000,0.200000,30.000000,1),(250,'2020-03-09 13:17:34',79.888481,6.797020,200.000000,1.030000,0.200000,30.000000,1),(251,'2020-03-09 13:17:34',79.888481,6.797020,200.000000,1.130000,0.200000,30.000000,1),(252,'2020-03-09 13:17:34',79.888481,6.797020,200.000000,1.250000,0.200000,30.000000,1),(253,'2020-03-09 13:17:34',79.888481,6.797020,200.000000,1.350000,0.200000,30.000000,1),(254,'2020-03-09 13:17:34',79.888481,6.797020,200.000000,1.420000,0.200000,30.000000,1),(255,'2020-03-09 13:17:34',79.888481,6.797020,200.000000,1.030000,0.200000,30.000000,1),(256,'2020-03-09 13:17:34',79.888481,6.797020,200.000000,1.530000,0.200000,30.000000,1),(257,'2020-03-09 13:17:34',79.888481,6.797020,200.000000,1.630000,0.200000,30.000000,1),(258,'2020-03-09 13:17:34',79.888481,6.797020,200.000000,1.730000,0.200000,30.000000,1),(259,'2020-03-09 13:17:34',79.888481,6.797020,200.000000,1.830000,0.200000,30.000000,1),(260,'2020-03-09 13:17:34',79.888481,6.797020,200.000000,1.930000,0.200000,30.000000,1),(261,'2020-03-09 13:17:34',79.888481,6.797020,200.000000,1.560000,0.200000,30.000000,1),(262,'2020-03-09 13:17:34',79.888481,6.797020,200.000000,1.620000,0.200000,30.000000,1),(263,'2020-03-09 13:17:34',79.888481,6.797020,200.000000,1.750000,0.200000,30.000000,1),(264,'2020-03-09 13:17:34',79.888481,6.797020,200.000000,1.820000,0.200000,30.000000,1),(265,'2020-03-09 13:17:34',79.888481,6.797020,200.000000,1.930000,0.200000,30.000000,1),(266,'2020-03-09 13:17:34',79.888481,6.797020,200.000000,1.510000,0.200000,30.000000,1),(267,'2020-03-09 13:17:34',79.888481,6.797020,200.000000,1.630000,0.200000,30.000000,1),(268,'2020-03-09 13:17:34',79.888481,6.797020,200.000000,1.760000,0.200000,30.000000,1),(269,'2020-03-09 13:17:34',79.888481,6.797020,200.000000,1.880000,0.200000,30.000000,1),(270,'2020-03-09 13:17:34',79.888481,6.797020,200.000000,2.010000,0.200000,30.000000,1),(271,'2020-03-09 13:17:34',79.888481,6.797020,200.000000,2.150000,0.200000,30.000000,1),(272,'2020-03-09 13:17:34',79.888481,6.797020,200.000000,2.260000,0.200000,30.000000,1),(273,'2020-03-09 13:17:34',79.888481,6.797020,200.000000,2.330000,0.200000,30.000000,1),(274,'2020-03-09 13:17:34',79.888481,6.797020,200.000000,2.460000,0.200000,30.000000,1),(275,'2020-03-09 13:17:34',79.888481,6.797020,200.000000,2.030000,0.200000,30.000000,1),(276,'2020-03-09 13:17:34',79.888481,6.797020,200.000000,2.160000,0.200000,30.000000,1),(277,'2020-03-09 13:17:34',79.888481,6.797020,200.000000,2.230000,0.200000,30.000000,1),(278,'2020-03-09 13:17:34',79.888481,6.797020,200.000000,2.310000,0.200000,30.000000,1),(279,'2020-03-09 13:17:34',79.888481,6.797020,200.000000,2.480000,0.200000,30.000000,1),(280,'2020-03-09 13:17:34',79.888481,6.797020,200.000000,2.510000,0.200000,30.000000,1),(281,'2020-03-09 13:17:34',79.888481,6.797020,200.000000,2.630000,0.200000,30.000000,1),(282,'2020-03-09 13:17:34',79.888481,6.797020,200.000000,2.720000,0.200000,30.000000,1),(283,'2020-03-09 13:17:34',79.888481,6.797020,200.000000,2.860000,0.200000,30.000000,1),(284,'2020-03-09 13:17:34',79.888481,6.797020,200.000000,2.970000,0.200000,30.000000,1),(285,'2020-03-09 13:17:34',79.888481,6.797020,200.000000,2.540000,0.200000,30.000000,1),(286,'2020-03-09 13:17:34',79.888481,6.797020,200.000000,2.680000,0.200000,30.000000,1),(287,'2020-03-09 13:17:34',79.888481,6.797020,200.000000,2.710000,0.200000,30.000000,1),(288,'2020-03-09 13:17:34',79.888481,6.797020,200.000000,3.010000,0.200000,30.000000,1),(289,'2020-03-09 13:17:34',79.888481,6.797020,200.000000,3.130000,0.200000,30.000000,1),(290,'2020-03-09 13:17:34',79.888481,6.797020,200.000000,3.250000,0.200000,30.000000,1),(291,'2020-03-09 13:17:34',79.888481,6.797020,200.000000,3.360000,0.200000,30.000000,1),(292,'2020-03-09 13:17:34',79.888481,6.797020,200.000000,3.480000,0.200000,30.000000,1),(293,'2020-03-09 13:17:34',79.888481,6.797020,200.000000,3.020000,0.200000,30.000000,1),(294,'2020-03-09 13:17:34',79.888481,6.797020,200.000000,3.190000,0.200000,30.000000,1),(295,'2020-03-09 13:17:34',79.888481,6.797020,200.000000,3.530000,0.200000,30.000000,1),(296,'2020-03-09 13:17:34',79.888481,6.797020,200.000000,3.640000,0.200000,30.000000,1),(297,'2020-03-09 13:17:34',79.888481,6.797020,200.000000,3.760000,0.200000,30.000000,1),(298,'2020-03-09 13:17:34',79.888481,6.797020,200.000000,3.820000,0.200000,30.000000,1),(299,'2020-03-09 13:17:34',79.888481,6.797020,200.000000,3.910000,0.200000,30.000000,1),(300,'2020-03-09 13:17:34',79.888481,6.797020,200.000000,3.080000,0.200000,30.000000,1),(301,'2020-03-09 13:17:34',79.888481,6.797020,200.000000,4.040000,0.200000,30.000000,1),(302,'2020-03-09 13:17:34',79.888481,6.797020,200.000000,4.120000,0.200000,30.000000,1),(303,'2020-03-09 13:17:34',79.888481,6.797020,200.000000,4.290000,0.200000,30.000000,1),(304,'2020-03-09 13:17:34',79.888481,6.797020,200.000000,4.320000,0.200000,30.000000,1),(305,'2020-03-09 13:17:34',79.888481,6.797020,200.000000,4.440000,0.200000,30.000000,1),(306,'2020-03-09 13:17:34',79.888481,6.797020,200.000000,4.550000,0.200000,30.000000,1),(307,'2020-03-09 13:17:34',79.888481,6.797020,200.000000,4.630000,0.200000,30.000000,1),(308,'2020-03-09 13:17:34',79.888481,6.797020,200.000000,4.770000,0.200000,30.000000,1),(309,'2020-03-09 13:17:34',79.888481,6.797020,200.000000,4.820000,0.200000,30.000000,1),(310,'2020-03-09 13:17:34',79.888481,6.797020,200.000000,4.910000,0.200000,30.000000,1),(311,'2020-03-09 13:17:34',79.888481,6.797020,200.000000,5.140000,0.200000,30.000000,1),(312,'2020-03-09 13:17:34',79.888481,6.797020,200.000000,5.260000,0.200000,30.000000,1),(313,'2020-03-09 13:17:34',79.888481,6.797020,200.000000,5.390000,0.200000,30.000000,1),(314,'2020-03-09 13:17:34',79.888481,6.797020,200.000000,5.510000,0.200000,30.000000,1),(315,'2020-03-09 13:17:34',79.888481,6.797020,200.000000,5.710000,0.200000,30.000000,1),(316,'2020-03-09 13:40:47',79.888481,6.797020,200.000000,0.110000,0.200000,30.000000,1),(317,'2020-03-09 13:40:47',79.888481,6.797020,200.000000,0.230000,0.200000,30.000000,1),(318,'2020-03-09 13:40:47',79.888481,6.797020,200.000000,0.310000,0.200000,30.000000,1),(319,'2020-03-09 13:40:47',79.888481,6.797020,200.000000,0.420000,0.200000,30.000000,1),(320,'2020-03-09 13:40:47',79.888481,6.797020,200.000000,0.020000,0.200000,30.000000,1),(321,'2020-03-09 13:40:47',79.888481,6.797020,200.000000,0.210000,0.200000,30.000000,1),(322,'2020-03-09 13:40:47',79.888481,6.797020,200.000000,0.140000,0.200000,30.000000,1),(323,'2020-03-09 13:40:47',79.888481,6.797020,200.000000,0.320000,0.200000,30.000000,1),(324,'2020-03-09 13:40:47',79.888481,6.797020,200.000000,0.320000,0.200000,30.000000,1),(325,'2020-03-09 13:40:47',79.888481,6.797020,200.000000,0.430000,0.200000,30.000000,1),(326,'2020-03-09 13:40:47',79.888481,6.797020,200.000000,0.560000,0.200000,30.000000,1),(327,'2020-03-09 13:40:47',79.888481,6.797020,200.000000,0.630000,0.200000,30.000000,1),(328,'2020-03-09 13:40:47',79.888481,6.797020,200.000000,0.730000,0.200000,30.000000,1),(329,'2020-03-09 13:40:47',79.888481,6.797020,200.000000,0.830000,0.200000,30.000000,1),(330,'2020-03-09 13:40:47',79.888481,6.797020,200.000000,0.930000,0.200000,30.000000,1),(331,'2020-03-09 13:40:47',79.888481,6.797020,200.000000,0.540000,0.200000,30.000000,1),(332,'2020-03-09 13:40:47',79.888481,6.797020,200.000000,0.620000,0.200000,30.000000,1),(333,'2020-03-09 13:40:47',79.888481,6.797020,200.000000,0.730000,0.200000,30.000000,1),(334,'2020-03-09 13:40:47',79.888481,6.797020,200.000000,0.840000,0.200000,30.000000,1),(335,'2020-03-09 13:40:47',79.888481,6.797020,200.000000,0.960000,0.200000,30.000000,1),(336,'2020-03-09 13:40:47',79.888481,6.797020,200.000000,0.570000,0.200000,30.000000,1),(337,'2020-03-09 13:40:47',79.888481,6.797020,200.000000,0.520000,0.200000,30.000000,1),(338,'2020-03-09 13:40:47',79.888481,6.797020,200.000000,0.620000,0.200000,30.000000,1),(339,'2020-03-09 13:40:47',79.888481,6.797020,200.000000,0.760000,0.200000,30.000000,1),(340,'2020-03-09 13:40:47',79.888481,6.797020,200.000000,0.880000,0.200000,30.000000,1),(341,'2020-03-09 13:40:47',79.888481,6.797020,200.000000,0.910000,0.200000,30.000000,1),(342,'2020-03-09 13:40:47',79.888481,6.797020,200.000000,1.010000,0.200000,30.000000,1),(343,'2020-03-09 13:40:47',79.888481,6.797020,200.000000,1.230000,0.200000,30.000000,1),(344,'2020-03-09 13:40:47',79.888481,6.797020,200.000000,1.320000,0.200000,30.000000,1),(345,'2020-03-09 13:40:47',79.888481,6.797020,200.000000,1.410000,0.200000,30.000000,1),(346,'2020-03-09 13:40:47',79.888481,6.797020,200.000000,1.030000,0.200000,30.000000,1),(347,'2020-03-09 13:40:47',79.888481,6.797020,200.000000,1.130000,0.200000,30.000000,1),(348,'2020-03-09 13:40:47',79.888481,6.797020,200.000000,1.250000,0.200000,30.000000,1),(349,'2020-03-09 13:40:47',79.888481,6.797020,200.000000,1.370000,0.200000,30.000000,1),(350,'2020-03-09 13:40:47',79.888481,6.797020,200.000000,1.420000,0.200000,30.000000,1),(351,'2020-03-09 13:40:47',79.888481,6.797020,200.000000,1.030000,0.200000,30.000000,1),(352,'2020-03-09 13:40:47',79.888481,6.797020,200.000000,1.130000,0.200000,30.000000,1),(353,'2020-03-09 13:40:47',79.888481,6.797020,200.000000,1.250000,0.200000,30.000000,1),(354,'2020-03-09 13:40:47',79.888481,6.797020,200.000000,1.350000,0.200000,30.000000,1),(355,'2020-03-09 13:40:47',79.888481,6.797020,200.000000,1.420000,0.200000,30.000000,1),(356,'2020-03-09 13:40:47',79.888481,6.797020,200.000000,1.030000,0.200000,30.000000,1),(357,'2020-03-09 13:40:47',79.888481,6.797020,200.000000,1.530000,0.200000,30.000000,1),(358,'2020-03-09 13:40:47',79.888481,6.797020,200.000000,1.630000,0.200000,30.000000,1),(359,'2020-03-09 13:40:47',79.888481,6.797020,200.000000,1.730000,0.200000,30.000000,1),(360,'2020-03-09 13:40:47',79.888481,6.797020,200.000000,1.830000,0.200000,30.000000,1),(361,'2020-03-09 13:40:47',79.888481,6.797020,200.000000,1.930000,0.200000,30.000000,1),(362,'2020-03-09 13:40:47',79.888481,6.797020,200.000000,1.560000,0.200000,30.000000,1),(363,'2020-03-09 13:40:47',79.888481,6.797020,200.000000,1.620000,0.200000,30.000000,1),(364,'2020-03-09 13:40:47',79.888481,6.797020,200.000000,1.750000,0.200000,30.000000,1),(365,'2020-03-09 13:40:47',79.888481,6.797020,200.000000,1.820000,0.200000,30.000000,1),(366,'2020-03-09 13:40:47',79.888481,6.797020,200.000000,1.930000,0.200000,30.000000,1),(367,'2020-03-09 13:40:47',79.888481,6.797020,200.000000,1.510000,0.200000,30.000000,1),(368,'2020-03-09 13:40:47',79.888481,6.797020,200.000000,1.630000,0.200000,30.000000,1),(369,'2020-03-09 13:40:47',79.888481,6.797020,200.000000,1.760000,0.200000,30.000000,1),(370,'2020-03-09 13:40:47',79.888481,6.797020,200.000000,1.880000,0.200000,30.000000,1),(371,'2020-03-09 13:40:47',79.888481,6.797020,200.000000,2.010000,0.200000,30.000000,1),(372,'2020-03-09 13:40:47',79.888481,6.797020,200.000000,2.150000,0.200000,30.000000,1),(373,'2020-03-09 13:40:47',79.888481,6.797020,200.000000,2.260000,0.200000,30.000000,1),(374,'2020-03-09 13:40:47',79.888481,6.797020,200.000000,2.330000,0.200000,30.000000,1),(375,'2020-03-09 13:40:47',79.888481,6.797020,200.000000,2.460000,0.200000,30.000000,1),(376,'2020-03-09 13:40:47',79.888481,6.797020,200.000000,2.030000,0.200000,30.000000,1),(377,'2020-03-09 13:40:47',79.888481,6.797020,200.000000,2.160000,0.200000,30.000000,1),(378,'2020-03-09 13:40:47',79.888481,6.797020,200.000000,2.230000,0.200000,30.000000,1),(379,'2020-03-09 13:40:47',79.888481,6.797020,200.000000,2.310000,0.200000,30.000000,1),(380,'2020-03-09 13:40:47',79.888481,6.797020,200.000000,2.480000,0.200000,30.000000,1),(381,'2020-03-09 13:40:47',79.888481,6.797020,200.000000,2.510000,0.200000,30.000000,1),(382,'2020-03-09 13:40:47',79.888481,6.797020,200.000000,2.630000,0.200000,30.000000,1),(383,'2020-03-09 13:40:47',79.888481,6.797020,200.000000,2.720000,0.200000,30.000000,1),(384,'2020-03-09 13:40:47',79.888481,6.797020,200.000000,2.860000,0.200000,30.000000,1),(385,'2020-03-09 13:40:47',79.888481,6.797020,200.000000,2.970000,0.200000,30.000000,1),(386,'2020-03-09 13:40:47',79.888481,6.797020,200.000000,2.540000,0.200000,30.000000,1),(387,'2020-03-09 13:40:47',79.888481,6.797020,200.000000,2.680000,0.200000,30.000000,1),(388,'2020-03-09 13:40:47',79.888481,6.797020,200.000000,2.710000,0.200000,30.000000,1),(389,'2020-03-09 13:40:47',79.888481,6.797020,200.000000,3.010000,0.200000,30.000000,1),(390,'2020-03-09 13:40:47',79.888481,6.797020,200.000000,3.130000,0.200000,30.000000,1),(391,'2020-03-09 13:40:47',79.888481,6.797020,200.000000,3.250000,0.200000,30.000000,1),(392,'2020-03-09 13:40:47',79.888481,6.797020,200.000000,3.360000,0.200000,30.000000,1),(393,'2020-03-09 13:40:47',79.888481,6.797020,200.000000,3.480000,0.200000,30.000000,1),(394,'2020-03-09 13:40:47',79.888481,6.797020,200.000000,3.020000,0.200000,30.000000,1),(395,'2020-03-09 13:40:47',79.888481,6.797020,200.000000,3.190000,0.200000,30.000000,1),(396,'2020-03-09 13:40:47',79.888481,6.797020,200.000000,3.530000,0.200000,30.000000,1),(397,'2020-03-09 13:40:47',79.888481,6.797020,200.000000,3.640000,0.200000,30.000000,1),(398,'2020-03-09 13:40:47',79.888481,6.797020,200.000000,3.760000,0.200000,30.000000,1),(399,'2020-03-09 13:40:47',79.888481,6.797020,200.000000,3.820000,0.200000,30.000000,1),(400,'2020-03-09 13:40:47',79.888481,6.797020,200.000000,3.910000,0.200000,30.000000,1),(401,'2020-03-09 13:40:47',79.888481,6.797020,200.000000,3.080000,0.200000,30.000000,1),(402,'2020-03-09 13:40:47',79.888481,6.797020,200.000000,4.040000,0.200000,30.000000,1),(403,'2020-03-09 13:40:47',79.888481,6.797020,200.000000,4.120000,0.200000,30.000000,1),(404,'2020-03-09 13:40:47',79.888481,6.797020,200.000000,4.290000,0.200000,30.000000,1),(405,'2020-03-09 13:40:47',79.888481,6.797020,200.000000,4.320000,0.200000,30.000000,1),(406,'2020-03-09 13:40:47',79.888481,6.797020,200.000000,4.440000,0.200000,30.000000,1),(407,'2020-03-09 13:40:47',79.888481,6.797020,200.000000,4.550000,0.200000,30.000000,1),(408,'2020-03-09 13:40:47',79.888481,6.797020,200.000000,4.630000,0.200000,30.000000,1),(409,'2020-03-09 13:40:47',79.888481,6.797020,200.000000,4.770000,0.200000,30.000000,1),(410,'2020-03-09 13:40:47',79.888481,6.797020,200.000000,4.820000,0.200000,30.000000,1),(411,'2020-03-09 13:40:47',79.888481,6.797020,200.000000,4.910000,0.200000,30.000000,1),(412,'2020-03-09 13:40:47',79.888481,6.797020,200.000000,5.140000,0.200000,30.000000,1),(413,'2020-03-09 13:40:47',79.888481,6.797020,200.000000,5.260000,0.200000,30.000000,1),(414,'2020-03-09 13:40:47',79.888481,6.797020,200.000000,5.390000,0.200000,30.000000,1),(415,'2020-03-09 13:40:47',79.888481,6.797020,200.000000,5.510000,0.200000,30.000000,1),(416,'2020-03-09 13:40:47',79.888481,6.797020,200.000000,5.710000,0.200000,30.000000,1),(417,'2020-03-12 20:03:28',79.885010,6.788160,100.000000,0.110000,0.220000,17.000000,1),(418,'2020-03-12 20:03:28',79.900764,6.798499,145.000000,0.230000,0.170000,18.000000,1),(419,'2020-03-12 20:03:28',79.885254,6.788746,260.000000,0.310000,0.270000,19.000000,1),(420,'2020-03-12 20:03:28',79.901405,6.799190,125.000000,0.420000,0.190000,20.000000,1),(421,'2020-03-12 20:03:28',79.885941,6.788800,287.000000,0.020000,0.670000,19.000000,1),(422,'2020-03-12 20:03:28',79.901466,6.798519,168.000000,0.210000,0.240000,18.000000,1),(423,'2020-03-12 20:03:28',79.885902,6.788828,237.000000,0.140000,0.580000,17.000000,1),(424,'2020-03-12 20:03:28',79.885597,6.788876,168.000000,0.320000,0.170000,16.000000,1),(425,'2020-03-12 20:03:28',79.901688,6.799098,287.000000,0.320000,0.370000,15.000000,1),(426,'2020-03-12 20:03:28',79.885887,6.788896,163.000000,0.430000,0.160000,14.000000,1),(427,'2020-03-12 20:03:28',79.885338,6.789025,247.000000,0.560000,0.250000,8.000000,1),(428,'2020-03-12 20:03:28',79.901459,6.798875,200.000000,0.630000,0.470000,9.000000,1),(429,'2020-03-12 20:03:28',79.885513,6.788361,150.000000,0.730000,0.680000,10.000000,1),(430,'2020-03-12 20:03:28',79.901337,6.799260,260.000000,0.830000,0.140000,11.000000,1),(431,'2020-03-12 20:03:28',79.885147,6.788561,145.000000,0.930000,0.260000,13.000000,1),(432,'2020-03-12 20:03:28',79.901306,6.799378,241.000000,0.540000,0.170000,14.000000,1),(433,'2020-03-12 20:03:28',79.886009,6.788762,165.000000,0.620000,0.670000,15.000000,1),(434,'2020-03-12 20:03:28',79.901703,6.798597,200.000000,0.730000,0.530000,16.000000,1),(435,'2020-03-12 20:03:28',79.885109,6.788424,230.000000,0.840000,0.210000,17.000000,1),(436,'2020-03-12 20:03:28',79.901611,6.798831,150.000000,0.960000,0.470000,16.000000,1),(437,'2020-03-12 20:03:28',79.885933,6.789078,247.000000,0.570000,0.160000,15.000000,1),(438,'2020-03-12 20:03:28',79.901314,6.798659,137.000000,0.520000,0.430000,14.000000,1),(439,'2020-03-12 20:03:28',79.885536,6.788251,199.000000,0.620000,0.630000,13.000000,1),(440,'2020-03-12 20:03:28',79.901558,6.799294,217.000000,0.760000,0.670000,12.000000,1),(441,'2020-03-12 20:03:28',79.885010,6.789124,185.000000,0.880000,0.940000,11.000000,1),(442,'2020-03-12 20:03:28',79.901421,6.798942,139.000000,0.910000,0.730000,10.000000,1),(443,'2020-03-12 20:03:28',79.885742,6.788496,186.000000,1.010000,0.880000,12.000000,1),(444,'2020-03-12 20:03:28',79.901749,6.798809,200.000000,1.230000,0.960000,13.000000,1),(445,'2020-03-12 20:03:28',79.885857,6.788558,164.000000,1.320000,0.340000,14.000000,1),(446,'2020-03-12 20:03:28',79.901215,6.798526,241.000000,1.410000,0.910000,15.000000,1),(447,'2020-03-12 20:03:28',79.885040,6.788949,120.000000,1.030000,0.050000,16.000000,1),(448,'2020-03-12 20:03:28',79.901520,6.798569,251.000000,1.130000,0.160000,17.000000,1),(449,'2020-03-12 20:03:28',79.886063,6.788539,185.000000,1.250000,0.640000,18.000000,1),(450,'2020-03-12 20:03:28',79.901718,6.798781,221.000000,1.370000,0.470000,19.000000,1),(451,'2020-03-12 20:03:28',79.900711,6.788681,146.000000,1.420000,0.640000,18.000000,1),(452,'2020-03-12 20:03:28',79.900764,6.799071,210.000000,1.030000,0.740000,17.000000,1),(453,'2020-03-12 20:03:28',79.900169,6.799403,162.000000,1.130000,0.340000,16.000000,1),(454,'2020-03-12 20:03:28',79.902321,6.789006,241.000000,1.250000,0.470000,15.000000,1),(455,'2020-03-12 20:03:28',79.901398,6.799283,180.000000,1.350000,0.640000,14.000000,1),(456,'2020-03-12 20:03:28',79.901886,6.788681,257.000000,1.420000,0.670000,13.000000,1),(457,'2020-03-12 20:03:28',79.901604,6.799128,107.000000,1.030000,0.350000,12.000000,1),(458,'2020-03-12 20:03:28',79.901550,6.789056,197.000000,1.530000,0.670000,9.000000,1),(459,'2020-03-12 20:03:28',79.900764,6.798927,175.000000,1.630000,0.170000,10.000000,1),(460,'2020-03-12 20:03:28',79.885361,6.788403,200.000000,1.730000,0.360000,11.000000,1),(461,'2020-03-12 20:03:28',79.901375,6.798540,241.000000,1.830000,0.470000,12.000000,1),(462,'2020-03-12 20:03:28',79.885506,6.788390,199.000000,1.930000,0.220000,13.000000,1),(463,'2020-03-12 20:03:28',79.900246,6.800275,167.000000,1.560000,0.010000,14.000000,1),(464,'2020-03-12 20:03:28',79.885361,6.789159,257.000000,1.620000,0.410000,15.000000,1),(465,'2020-03-12 20:03:28',79.901062,6.799332,176.000000,1.750000,0.670000,16.000000,1),(466,'2020-03-12 20:03:28',79.885551,6.794610,210.000000,1.820000,0.430000,15.000000,1),(467,'2020-03-12 20:03:28',79.900719,6.798499,164.000000,1.930000,0.070000,14.000000,1),(468,'2020-03-12 20:03:28',79.903748,6.793652,214.000000,1.510000,0.640000,15.000000,1),(469,'2020-03-12 20:03:28',79.901108,6.800174,137.000000,1.630000,0.410000,16.000000,1),(470,'2020-03-12 20:03:28',79.904144,6.794670,197.000000,1.760000,0.200000,17.000000,1),(471,'2020-03-12 20:03:28',79.900375,6.799799,246.000000,1.880000,0.040000,18.000000,1),(472,'2020-03-12 20:03:28',79.900833,6.799451,200.000000,2.010000,0.340000,19.000000,1),(473,'2020-03-12 20:03:28',79.904388,6.795549,237.000000,2.150000,0.680000,18.000000,1),(474,'2020-03-12 20:03:28',79.900963,6.798499,241.000000,2.260000,0.740000,17.000000,1),(475,'2020-03-12 20:03:28',79.903931,6.787920,169.000000,2.330000,0.620000,16.000000,1),(476,'2020-03-12 20:03:28',79.901161,6.799416,127.000000,2.460000,0.300000,15.000000,1),(477,'2020-03-12 20:03:28',79.904144,6.788298,185.000000,2.030000,0.040000,14.000000,1),(478,'2020-03-12 20:03:28',79.900574,6.793400,213.000000,2.160000,0.090000,13.000000,1),(479,'2020-03-12 20:03:28',79.903954,6.787920,196.000000,2.230000,0.960000,12.000000,1),(480,'2020-03-12 20:03:28',79.900703,6.794221,235.000000,2.310000,0.370000,11.000000,1),(481,'2020-03-12 20:03:28',79.903633,6.788636,128.000000,2.480000,0.200000,10.000000,1),(482,'2020-03-12 20:03:28',79.900314,6.794283,147.000000,2.510000,0.470000,9.000000,1),(483,'2020-03-12 20:03:28',79.904106,6.795518,196.000000,2.630000,0.290000,8.000000,1),(484,'2020-03-12 20:03:28',79.900528,6.793866,231.000000,2.720000,0.050000,7.000000,1),(485,'2020-03-12 20:03:28',79.904160,6.795673,167.000000,2.860000,0.120000,6.000000,1),(486,'2020-03-12 20:03:28',79.901176,6.793726,174.000000,2.970000,0.240000,5.000000,1),(487,'2020-03-12 20:03:28',79.904350,6.795138,234.000000,2.540000,0.060000,6.000000,1),(488,'2020-03-12 20:03:28',79.900505,6.794089,124.000000,2.680000,0.630000,7.000000,1),(489,'2020-03-12 20:03:28',79.904152,6.795510,214.000000,2.710000,0.080000,8.000000,1),(490,'2020-03-12 20:03:28',79.903572,6.795385,145.000000,3.010000,0.550000,15.000000,1),(491,'2020-03-12 20:03:28',79.900635,6.794078,196.000000,3.130000,0.600000,16.000000,1),(492,'2020-03-12 20:03:28',79.903755,6.795770,211.000000,3.250000,0.880000,17.000000,1),(493,'2020-03-12 20:03:28',79.900475,6.794204,142.000000,3.360000,0.370000,18.000000,1),(494,'2020-03-12 20:03:28',79.904320,6.795673,210.000000,3.480000,0.690000,19.000000,1),(495,'2020-03-12 20:03:28',79.900635,6.794204,203.000000,3.020000,0.740000,18.000000,1),(496,'2020-03-12 20:03:28',79.903854,6.795869,156.000000,3.190000,0.310000,17.000000,1),(497,'2020-03-12 20:03:28',79.904015,6.795586,124.000000,3.530000,0.200000,8.000000,1),(498,'2020-03-12 20:03:28',79.900719,6.793830,210.000000,3.640000,0.130000,9.000000,1),(499,'2020-03-12 20:03:28',79.903755,6.795628,198.000000,3.760000,0.710000,10.000000,1),(500,'2020-03-12 20:03:28',79.901115,6.794170,100.000000,3.820000,0.680000,11.000000,1),(501,'2020-03-12 20:03:28',79.903748,6.795725,175.000000,3.910000,0.250000,12.000000,1),(502,'2020-03-12 20:03:28',79.900818,6.793445,268.000000,3.080000,0.680000,13.000000,1),(503,'2020-03-12 20:03:28',79.901123,6.793722,200.000000,4.040000,0.010000,15.000000,1),(504,'2020-03-12 20:03:28',79.904022,6.795257,198.000000,4.120000,0.670000,16.000000,1),(505,'2020-03-12 20:03:28',79.900726,6.793759,275.000000,4.290000,0.030000,17.000000,1),(506,'2020-03-12 20:03:28',79.903603,6.795919,124.000000,4.320000,0.470000,18.000000,1),(507,'2020-03-12 20:03:28',79.900558,6.793458,237.000000,4.440000,0.660000,19.000000,1),(508,'2020-03-12 20:03:28',79.900681,6.793801,108.000000,4.550000,0.910000,17.000000,1),(509,'2020-03-12 20:03:28',79.904358,6.795507,149.000000,4.630000,0.140000,18.000000,1),(510,'2020-03-12 20:03:28',79.900650,6.793671,250.000000,4.770000,0.260000,19.000000,1),(511,'2020-03-12 20:03:28',79.903946,6.795440,200.000000,4.820000,0.110000,18.000000,1),(512,'2020-03-12 20:03:28',79.903488,6.794280,168.000000,4.910000,0.030000,17.000000,1),(513,'2020-03-12 20:03:28',79.885010,6.793696,135.000000,5.140000,0.060000,9.000000,1),(514,'2020-03-12 20:03:28',79.888519,6.795863,145.000000,5.260000,0.040000,10.000000,1),(515,'2020-03-12 20:03:28',79.885674,6.793877,199.000000,5.390000,0.090000,11.000000,1),(516,'2020-03-12 20:03:28',79.885857,6.794327,174.000000,5.510000,0.240000,18.000000,1),(517,'2020-03-12 20:03:28',79.889404,6.795822,214.000000,5.710000,0.950000,19.000000,1),(518,'2020-03-14 14:39:24',6.795451,79.898972,200.000000,1.000000,1.000000,100.000000,1),(519,'2020-05-13 04:34:43',6.788160,79.885010,100.000000,0.110000,0.220000,17.000000,1),(520,'2020-05-13 04:34:43',6.798499,79.900764,145.000000,0.230000,0.170000,18.000000,1),(521,'2020-05-13 04:34:43',6.788746,79.885254,260.000000,0.310000,0.270000,19.000000,1),(522,'2020-05-13 04:34:43',6.799190,79.901405,125.000000,0.420000,0.190000,20.000000,1),(523,'2020-05-13 04:34:43',6.788800,79.885941,287.000000,0.020000,0.670000,19.000000,1),(524,'2020-05-13 04:34:43',6.798519,79.901466,168.000000,0.210000,0.240000,18.000000,1),(525,'2020-05-13 04:34:43',6.788828,79.885902,237.000000,0.140000,0.580000,17.000000,1),(526,'2020-05-13 04:34:43',6.788876,79.885597,168.000000,0.320000,0.170000,16.000000,1),(527,'2020-05-13 04:34:43',6.799098,79.901688,287.000000,0.320000,0.370000,15.000000,1),(528,'2020-05-13 04:34:43',6.788896,79.885887,163.000000,0.430000,0.160000,14.000000,1),(529,'2020-05-13 04:34:43',6.789025,79.885338,247.000000,0.560000,0.250000,8.000000,1),(530,'2020-05-13 04:34:43',6.798875,79.901459,200.000000,0.630000,0.470000,9.000000,1),(531,'2020-05-13 04:34:43',6.788361,79.885513,150.000000,0.730000,0.680000,10.000000,1),(532,'2020-05-13 04:34:43',6.799260,79.901337,260.000000,0.830000,0.140000,11.000000,1),(533,'2020-05-13 04:34:43',6.788561,79.885147,145.000000,0.930000,0.260000,13.000000,1),(534,'2020-05-13 04:34:43',6.799378,79.901306,241.000000,0.540000,0.170000,14.000000,1),(535,'2020-05-13 04:34:43',6.788762,79.886009,165.000000,0.620000,0.670000,15.000000,1),(536,'2020-05-13 04:34:43',6.798597,79.901703,200.000000,0.730000,0.530000,16.000000,1),(537,'2020-05-13 04:34:43',6.788424,79.885109,230.000000,0.840000,0.210000,17.000000,1),(538,'2020-05-13 04:34:43',6.798831,79.901611,150.000000,0.960000,0.470000,16.000000,1),(539,'2020-05-13 04:34:43',6.789078,79.885933,247.000000,0.570000,0.160000,15.000000,1),(540,'2020-05-13 04:34:43',6.798659,79.901314,137.000000,0.520000,0.430000,14.000000,1),(541,'2020-05-13 04:34:43',6.788251,79.885536,199.000000,0.620000,0.630000,13.000000,1),(542,'2020-05-13 04:34:43',6.799294,79.901558,217.000000,0.760000,0.670000,12.000000,1),(543,'2020-05-13 04:34:43',6.789124,79.885010,185.000000,0.880000,0.940000,11.000000,1),(544,'2020-05-13 04:34:43',6.798942,79.901421,139.000000,0.910000,0.730000,10.000000,1),(545,'2020-05-13 04:34:43',6.788496,79.885742,186.000000,1.010000,0.880000,12.000000,1),(546,'2020-05-13 04:34:43',6.798809,79.901749,200.000000,1.230000,0.960000,13.000000,1),(547,'2020-05-13 04:34:43',6.788558,79.885857,164.000000,1.320000,0.340000,14.000000,1),(548,'2020-05-13 04:34:43',6.798526,79.901215,241.000000,1.410000,0.910000,15.000000,1),(549,'2020-05-13 04:34:43',6.788949,79.885040,120.000000,1.030000,0.050000,16.000000,1),(550,'2020-05-13 04:34:43',6.798569,79.901520,251.000000,1.130000,0.160000,17.000000,1),(551,'2020-05-13 04:34:43',6.788539,79.886063,185.000000,1.250000,0.640000,18.000000,1),(552,'2020-05-13 04:34:43',6.798781,79.901718,221.000000,1.370000,0.470000,19.000000,1),(553,'2020-05-13 04:34:43',6.788681,79.900711,146.000000,1.420000,0.640000,18.000000,1),(554,'2020-05-13 04:34:43',6.799071,79.900764,210.000000,1.030000,0.740000,17.000000,1),(555,'2020-05-13 04:34:43',6.799403,79.900169,162.000000,1.130000,0.340000,16.000000,1),(556,'2020-05-13 04:34:43',6.789006,79.902321,241.000000,1.250000,0.470000,15.000000,1),(557,'2020-05-13 04:34:43',6.799283,79.901398,180.000000,1.350000,0.640000,14.000000,1),(558,'2020-05-13 04:34:43',6.788681,79.901886,257.000000,1.420000,0.670000,13.000000,1),(559,'2020-05-13 04:34:43',6.799128,79.901604,107.000000,1.030000,0.350000,12.000000,1),(560,'2020-05-13 04:34:43',6.789056,79.901550,197.000000,1.530000,0.670000,9.000000,1),(561,'2020-05-13 04:34:43',6.798927,79.900764,175.000000,1.630000,0.170000,10.000000,1),(562,'2020-05-13 04:34:43',6.788403,79.885361,200.000000,1.730000,0.360000,11.000000,1),(563,'2020-05-13 04:34:43',6.798540,79.901375,241.000000,1.830000,0.470000,12.000000,1),(564,'2020-05-13 04:34:43',6.788390,79.885506,199.000000,1.930000,0.220000,13.000000,1),(565,'2020-05-13 04:34:43',6.800275,79.900246,167.000000,1.560000,0.010000,14.000000,1),(566,'2020-05-13 04:34:43',6.789159,79.885361,257.000000,1.620000,0.410000,15.000000,1),(567,'2020-05-13 04:34:43',6.799332,79.901062,176.000000,1.750000,0.670000,16.000000,1),(568,'2020-05-13 04:34:43',6.794610,79.885551,210.000000,1.820000,0.430000,15.000000,1),(569,'2020-05-13 04:34:43',6.798499,79.900719,164.000000,1.930000,0.070000,14.000000,1),(570,'2020-05-13 04:34:43',6.793652,79.903748,214.000000,1.510000,0.640000,15.000000,1),(571,'2020-05-13 04:34:43',6.800174,79.901108,137.000000,1.630000,0.410000,16.000000,1),(572,'2020-05-13 04:34:43',6.794670,79.904144,197.000000,1.760000,0.200000,17.000000,1),(573,'2020-05-13 04:34:43',6.799799,79.900375,246.000000,1.880000,0.040000,18.000000,1),(574,'2020-05-13 04:34:43',6.799451,79.900833,200.000000,2.010000,0.340000,19.000000,1),(575,'2020-05-13 04:34:43',6.795549,79.904388,237.000000,2.150000,0.680000,18.000000,1),(576,'2020-05-13 04:34:43',6.798499,79.900963,241.000000,2.260000,0.740000,17.000000,1),(577,'2020-05-13 04:34:43',6.787920,79.903931,169.000000,2.330000,0.620000,16.000000,1),(578,'2020-05-13 04:34:43',6.799416,79.901161,127.000000,2.460000,0.300000,15.000000,1),(579,'2020-05-13 04:34:43',6.788298,79.904144,185.000000,2.030000,0.040000,14.000000,1),(580,'2020-05-13 04:34:43',6.793400,79.900574,213.000000,2.160000,0.090000,13.000000,1),(581,'2020-05-13 04:34:43',6.787920,79.903954,196.000000,2.230000,0.960000,12.000000,1),(582,'2020-05-13 04:34:43',6.794221,79.900703,235.000000,2.310000,0.370000,11.000000,1),(583,'2020-05-13 04:34:43',6.788636,79.903633,128.000000,2.480000,0.200000,10.000000,1),(584,'2020-05-13 04:34:43',6.794283,79.900314,147.000000,2.510000,0.470000,9.000000,1),(585,'2020-05-13 04:34:43',6.795518,79.904106,196.000000,2.630000,0.290000,8.000000,1),(586,'2020-05-13 04:34:43',6.793866,79.900528,231.000000,2.720000,0.050000,7.000000,1),(587,'2020-05-13 04:34:43',6.795673,79.904160,167.000000,2.860000,0.120000,6.000000,1),(588,'2020-05-13 04:34:43',6.793726,79.901176,174.000000,2.970000,0.240000,5.000000,1),(589,'2020-05-13 04:34:43',6.795138,79.904350,234.000000,2.540000,0.060000,6.000000,1),(590,'2020-05-13 04:34:43',6.794089,79.900505,124.000000,2.680000,0.630000,7.000000,1),(591,'2020-05-13 04:34:43',6.795510,79.904152,214.000000,2.710000,0.080000,8.000000,1),(592,'2020-05-13 04:34:43',6.795385,79.903572,145.000000,3.010000,0.550000,15.000000,1),(593,'2020-05-13 04:34:43',6.794078,79.900635,196.000000,3.130000,0.600000,16.000000,1),(594,'2020-05-13 04:34:43',6.795770,79.903755,211.000000,3.250000,0.880000,17.000000,1),(595,'2020-05-13 04:34:43',6.794204,79.900475,142.000000,3.360000,0.370000,18.000000,1),(596,'2020-05-13 04:34:43',6.795673,79.904320,210.000000,3.480000,0.690000,19.000000,1),(597,'2020-05-13 04:34:43',6.794204,79.900635,203.000000,3.020000,0.740000,18.000000,1),(598,'2020-05-13 04:34:43',6.795869,79.903854,156.000000,3.190000,0.310000,17.000000,1),(599,'2020-05-13 04:34:43',6.795586,79.904015,124.000000,3.530000,0.200000,8.000000,1),(600,'2020-05-13 04:34:43',6.793830,79.900719,210.000000,3.640000,0.130000,9.000000,1),(601,'2020-05-13 04:34:43',6.795628,79.903755,198.000000,3.760000,0.710000,10.000000,1),(602,'2020-05-13 04:34:43',6.794170,79.901115,100.000000,3.820000,0.680000,11.000000,1),(603,'2020-05-13 04:34:43',6.795725,79.903748,175.000000,3.910000,0.250000,12.000000,1),(604,'2020-05-13 04:34:43',6.793445,79.900818,268.000000,3.080000,0.680000,13.000000,1),(605,'2020-05-13 04:34:43',6.793722,79.901123,200.000000,4.040000,0.010000,15.000000,1),(606,'2020-05-13 04:34:43',6.795257,79.904022,198.000000,4.120000,0.670000,16.000000,1),(607,'2020-05-13 04:34:43',6.793759,79.900726,275.000000,4.290000,0.030000,17.000000,1),(608,'2020-05-13 04:34:43',6.795919,79.903603,124.000000,4.320000,0.470000,18.000000,1),(609,'2020-05-13 04:34:43',6.793458,79.900558,237.000000,4.440000,0.660000,19.000000,1),(610,'2020-05-13 04:34:43',6.793801,79.900681,108.000000,4.550000,0.910000,17.000000,1),(611,'2020-05-13 04:34:43',6.795507,79.904358,149.000000,4.630000,0.140000,18.000000,1),(612,'2020-05-13 04:34:43',6.793671,79.900650,250.000000,4.770000,0.260000,19.000000,1),(613,'2020-05-13 04:34:43',6.795440,79.903946,200.000000,4.820000,0.110000,18.000000,1),(614,'2020-05-13 04:34:43',6.794280,79.903488,168.000000,4.910000,0.030000,17.000000,1),(615,'2020-05-13 04:34:43',6.793696,79.885010,135.000000,5.140000,0.060000,9.000000,1),(616,'2020-05-13 04:34:43',6.795863,79.888519,145.000000,5.260000,0.040000,10.000000,1),(617,'2020-05-13 04:34:43',6.793877,79.885674,199.000000,5.390000,0.090000,11.000000,1),(618,'2020-05-13 04:34:43',6.794327,79.885857,174.000000,5.510000,0.240000,18.000000,1),(619,'2020-05-13 04:34:43',6.795822,79.889404,214.000000,5.710000,0.950000,19.000000,1),(620,'2020-05-13 05:05:59',6.794089,79.900505,124.000000,0.646434,-2.935291,7.000000,1),(621,'2020-05-13 05:05:59',6.795510,79.904152,214.000000,0.311246,-2.920926,8.000000,1),(622,'2020-05-13 05:05:59',6.795385,79.903572,145.000000,0.459687,-2.111686,15.000000,1),(623,'2020-05-13 05:05:59',6.794078,79.900635,196.000000,1.685518,-1.359907,16.000000,1),(624,'2020-05-13 05:05:59',6.795770,79.903755,211.000000,1.177947,-1.388637,17.000000,1),(625,'2020-05-13 05:05:59',6.794204,79.900475,142.000000,1.187524,-1.953669,18.000000,1),(626,'2020-05-13 05:05:59',6.795673,79.904320,210.000000,0.306458,-2.001553,19.000000,1),(627,'2020-05-13 05:05:59',6.794204,79.900635,203.000000,0.158017,-2.169147,18.000000,1),(628,'2020-05-13 05:05:59',6.795869,79.903854,156.000000,1.465251,-1.910573,17.000000,1),(629,'2020-05-13 05:05:59',6.795586,79.904015,124.000000,0.588974,-2.557007,8.000000,1),(630,'2020-05-13 05:05:59',6.793830,79.900719,210.000000,0.196325,-3.500323,9.000000,1),(631,'2020-05-13 05:05:59',6.795628,79.903755,198.000000,0.440533,-2.839523,10.000000,1),(632,'2020-05-13 05:05:59',6.794170,79.901115,100.000000,1.082179,-2.480393,11.000000,1),(633,'2020-05-13 05:05:59',6.795725,79.903748,175.000000,1.651999,-2.240973,12.000000,1),(634,'2020-05-13 05:05:59',6.793445,79.900818,268.000000,0.660811,-2.968810,13.000000,1),(635,'2020-05-13 05:05:59',6.793722,79.901123,200.000000,2.078167,-3.131616,15.000000,1),(636,'2020-05-13 05:05:59',6.795257,79.904022,198.000000,1.977611,-2.365471,16.000000,1),(637,'2020-05-13 05:05:59',6.793759,79.900726,275.000000,1.283292,-2.772485,17.000000,1),(638,'2020-05-13 05:05:59',6.795919,79.903603,124.000000,0.818817,-2.619257,18.000000,1),(639,'2020-05-13 05:05:59',6.793458,79.900558,237.000000,0.723049,-2.226608,19.000000,1),(640,'2020-05-13 05:05:59',6.793801,79.900681,108.000000,1.307234,-2.398990,17.000000,1),(641,'2020-05-13 05:05:59',6.795507,79.904358,149.000000,1.139643,-2.806004,18.000000,1),(642,'2020-05-13 05:05:59',6.793671,79.900650,250.000000,1.149217,-3.394978,19.000000,1),(643,'2020-05-13 05:05:59',6.795440,79.903946,200.000000,2.164358,-2.906561,18.000000,1),(644,'2020-05-13 05:05:59',6.794274,79.903481,168.000000,3.169923,-3.155558,17.000000,1),(645,'2020-05-13 05:05:59',6.793696,79.885048,135.000000,1.618481,-4.213795,9.000000,1),(646,'2020-05-13 05:05:59',6.795863,79.888535,145.000000,1.666364,-4.156334,10.000000,1),(647,'2020-05-13 05:05:59',6.793877,79.885674,199.000000,0.938527,-3.174711,11.000000,1),(648,'2020-05-13 05:05:59',6.794327,79.885857,174.000000,0.684742,-2.767697,18.000000,1),(649,'2020-05-13 05:05:59',6.795822,79.889404,214.000000,1.359907,-2.351106,19.000000,1),(650,'2020-05-13 05:06:16',6.794089,79.900505,124.000000,0.646434,-2.935291,7.000000,1),(651,'2020-05-13 05:06:16',6.795510,79.904152,214.000000,0.311246,-2.920926,8.000000,1),(652,'2020-05-13 05:06:16',6.795385,79.903572,145.000000,0.459687,-2.111686,15.000000,1),(653,'2020-05-13 05:06:16',6.794078,79.900635,196.000000,1.685518,-1.359907,16.000000,1),(654,'2020-05-13 05:06:16',6.795770,79.903755,211.000000,1.177947,-1.388637,17.000000,1),(655,'2020-05-13 05:06:16',6.794204,79.900475,142.000000,1.187524,-1.953669,18.000000,1),(656,'2020-05-13 05:06:16',6.795673,79.904320,210.000000,0.306458,-2.001553,19.000000,1),(657,'2020-05-13 05:06:16',6.794204,79.900635,203.000000,0.158017,-2.169147,18.000000,1),(658,'2020-05-13 05:06:16',6.795869,79.903854,156.000000,1.465251,-1.910573,17.000000,1),(659,'2020-05-13 05:06:16',6.795586,79.904015,124.000000,0.588974,-2.557007,8.000000,1),(660,'2020-05-13 05:06:16',6.793830,79.900719,210.000000,0.196325,-3.500323,9.000000,1),(661,'2020-05-13 05:06:16',6.795628,79.903755,198.000000,0.440533,-2.839523,10.000000,1),(662,'2020-05-13 05:06:16',6.794170,79.901115,100.000000,1.082179,-2.480393,11.000000,1),(663,'2020-05-13 05:06:16',6.795725,79.903748,175.000000,1.651999,-2.240973,12.000000,1),(664,'2020-05-13 05:06:16',6.793445,79.900818,268.000000,0.660811,-2.968810,13.000000,1),(665,'2020-05-13 05:06:16',6.793722,79.901123,200.000000,2.078167,-3.131616,15.000000,1),(666,'2020-05-13 05:06:16',6.795257,79.904022,198.000000,1.977611,-2.365471,16.000000,1),(667,'2020-05-13 05:06:16',6.793759,79.900726,275.000000,1.283292,-2.772485,17.000000,1),(668,'2020-05-13 05:06:16',6.795919,79.903603,124.000000,0.818817,-2.619257,18.000000,1),(669,'2020-05-13 05:06:16',6.793458,79.900558,237.000000,0.723049,-2.226608,19.000000,1),(670,'2020-05-13 05:06:16',6.793801,79.900681,108.000000,1.307234,-2.398990,17.000000,1),(671,'2020-05-13 05:06:16',6.795507,79.904358,149.000000,1.139643,-2.806004,18.000000,1),(672,'2020-05-13 05:06:16',6.793671,79.900650,250.000000,1.149217,-3.394978,19.000000,1),(673,'2020-05-13 05:06:16',6.795440,79.903946,200.000000,2.164358,-2.906561,18.000000,1),(674,'2020-05-13 05:06:16',6.794274,79.903481,168.000000,3.169923,-3.155558,17.000000,1),(675,'2020-05-13 05:06:16',6.793696,79.885048,135.000000,1.618481,-4.213795,9.000000,1),(676,'2020-05-13 05:06:16',6.795863,79.888535,145.000000,1.666364,-4.156334,10.000000,1),(677,'2020-05-13 05:06:16',6.793877,79.885674,199.000000,0.938527,-3.174711,11.000000,1),(678,'2020-05-13 05:06:16',6.794327,79.885857,174.000000,0.684742,-2.767697,18.000000,1),(679,'2020-05-13 05:06:16',6.795822,79.889404,214.000000,1.359907,-2.351106,19.000000,1),(680,'2020-05-13 05:35:09',6.795385,79.903572,145.000000,-0.840313,0.188314,15.000000,1),(681,'2020-05-13 05:35:09',6.794078,79.900635,196.000000,0.385518,0.940093,16.000000,1),(682,'2020-05-13 05:35:09',6.795770,79.903755,211.000000,-0.122053,0.911363,17.000000,1),(683,'2020-05-13 05:35:09',6.794204,79.900475,142.000000,-0.112476,0.346331,18.000000,1),(684,'2020-05-13 05:35:09',6.795673,79.904320,210.000000,-0.993542,0.298447,19.000000,1),(685,'2020-05-13 05:35:09',6.794204,79.900635,203.000000,-1.141983,0.130853,18.000000,1),(686,'2020-05-13 05:35:09',6.795869,79.903854,156.000000,0.165251,0.389427,17.000000,1),(687,'2020-05-13 05:35:09',6.795586,79.904015,124.000000,-0.711026,-0.257007,8.000000,1),(688,'2020-05-13 05:35:09',6.793830,79.900719,210.000000,-1.103675,-1.200323,9.000000,1),(689,'2020-05-13 05:35:09',6.795628,79.903755,198.000000,-0.859467,-0.539523,10.000000,1),(690,'2020-05-13 05:35:09',6.794170,79.901115,100.000000,-0.217821,-0.180393,11.000000,1),(691,'2020-05-13 05:35:09',6.795725,79.903748,175.000000,0.351999,0.059027,12.000000,1),(692,'2020-05-13 05:35:09',6.793445,79.900818,268.000000,-0.639200,-0.668810,13.000000,1),(693,'2020-05-13 05:35:09',6.793722,79.901123,200.000000,0.778167,-0.831616,15.000000,1),(694,'2020-05-13 05:35:09',6.795257,79.904022,198.000000,0.677611,-0.065471,16.000000,1),(695,'2020-05-13 05:35:09',6.793759,79.900726,275.000000,-0.016708,-0.472485,17.000000,1),(696,'2020-05-13 05:35:09',6.795919,79.903603,124.000000,-0.481183,-0.319257,18.000000,1),(697,'2020-05-13 05:35:09',6.793458,79.900558,237.000000,-0.576951,0.073392,19.000000,1),(698,'2020-05-13 05:35:09',6.793801,79.900681,108.000000,0.007234,-0.098990,17.000000,1),(699,'2020-05-13 05:35:09',6.795507,79.904358,149.000000,-0.160360,-0.506004,18.000000,1),(700,'2020-05-13 05:35:09',6.793671,79.900650,250.000000,-0.150783,-1.094978,19.000000,1),(701,'2020-05-13 05:35:09',6.795440,79.903946,200.000000,0.864358,-0.606561,18.000000,1),(702,'2020-05-13 05:35:09',6.794274,79.903481,168.000000,1.869923,-0.855558,17.000000,1),(703,'2020-05-13 05:35:09',6.793696,79.885048,135.000000,0.318480,-1.913795,9.000000,1),(704,'2020-05-13 05:35:09',6.795863,79.888535,145.000000,0.366364,-1.856334,10.000000,1),(705,'2020-05-13 05:35:09',6.793877,79.885674,199.000000,-0.361473,-0.874711,11.000000,1),(706,'2020-05-13 05:35:09',6.794327,79.885857,174.000000,-0.615258,-0.467697,18.000000,1),(707,'2020-05-13 05:35:09',6.795822,79.889404,214.000000,0.059907,-0.051106,19.000000,1),(708,'2020-05-13 05:35:09',6.794089,79.900505,124.000000,0.979280,0.169160,7.000000,1),(709,'2020-05-13 05:35:09',6.795510,79.904152,214.000000,0.720706,-0.798097,8.000000,1),(710,'2020-05-13 05:46:52',6.795385,79.903572,145.000000,-0.184302,-5.342292,15.000000,1),(711,'2020-05-13 05:46:52',6.794078,79.900635,196.000000,1.941749,-1.071036,16.000000,1),(712,'2020-05-13 05:46:52',6.795770,79.903755,211.000000,1.122932,0.274505,17.000000,1),(713,'2020-05-13 05:46:52',6.794204,79.900475,142.000000,1.098990,-0.467697,18.000000,1),(714,'2020-05-13 05:46:52',6.795673,79.904320,210.000000,-0.845102,-0.625714,19.000000,1),(715,'2020-05-13 05:46:52',6.794204,79.900635,203.000000,-1.443652,-1.592972,18.000000,1),(716,'2020-05-13 05:46:52',6.795869,79.903854,156.000000,-0.059804,-1.698317,17.000000,1),(717,'2020-05-13 05:46:52',6.795586,79.904015,124.000000,2.942526,1.083746,8.000000,1),(718,'2020-05-13 05:46:52',6.793830,79.900719,210.000000,2.501992,1.653566,9.000000,1),(719,'2020-05-13 05:46:52',6.795628,79.903755,198.000000,0.160463,-0.218700,10.000000,1),(720,'2020-05-13 05:46:52',6.794170,79.901115,100.000000,-1.443652,-1.813238,11.000000,1),(721,'2020-05-13 05:46:52',6.795725,79.903748,175.000000,-2.841866,-0.898653,12.000000,1),(722,'2020-05-13 05:46:52',6.793445,79.900818,268.000000,-2.698214,-0.774155,13.000000,1),(723,'2020-05-13 05:46:52',6.793722,79.901123,200.000000,-2.195431,-0.640080,15.000000,1),(724,'2020-05-13 05:46:52',6.795257,79.904022,198.000000,0.663245,-0.089413,16.000000,1),(725,'2020-05-13 05:46:52',6.793759,79.900726,275.000000,3.574595,-0.376718,17.000000,1),(726,'2020-05-13 05:46:52',6.795919,79.903603,124.000000,7.050976,-0.376718,18.000000,1),(727,'2020-05-13 05:46:52',6.793458,79.900558,237.000000,1.027164,-6.323915,19.000000,1),(728,'2020-05-13 05:46:52',6.793801,79.900681,108.000000,0.433402,-6.050976,17.000000,1),(729,'2020-05-13 05:46:52',6.795507,79.904358,149.000000,2.602549,-0.213912,18.000000,1),(730,'2020-05-13 05:46:52',6.793671,79.900650,250.000000,-0.438087,-1.099766,19.000000,1),(731,'2020-05-13 05:46:52',6.795440,79.903946,200.000000,-3.761239,-1.449320,18.000000,1),(732,'2020-05-13 05:46:52',6.794274,79.903481,168.000000,-3.751663,-1.343975,17.000000,1),(733,'2020-05-13 05:46:52',6.793696,79.885048,135.000000,0.304115,-0.558677,9.000000,1),(734,'2020-05-13 05:46:52',6.795863,79.888535,145.000000,5.394188,2.472383,10.000000,1),(735,'2020-05-13 05:46:52',6.793877,79.885674,199.000000,0.213135,6.437180,11.000000,1),(736,'2020-05-13 05:46:52',6.794327,79.885857,174.000000,-6.624705,-2.565018,18.000000,1),(737,'2020-05-13 05:46:52',6.795822,79.889404,214.000000,-3.239303,-1.664798,19.000000,1),(738,'2020-05-13 05:46:52',6.794089,79.900505,124.000000,-0.423722,1.366261,7.000000,1),(739,'2020-05-13 05:46:52',6.795510,79.904152,214.000000,-0.069380,-1.363129,8.000000,1),(740,'2020-05-13 06:14:55',6.795385,79.903572,145.000000,-0.840313,0.188314,15.000000,1),(741,'2020-05-13 06:14:55',6.794078,79.900635,196.000000,0.385518,0.940093,16.000000,1),(742,'2020-05-13 06:14:55',6.795770,79.903755,211.000000,-0.122053,0.911363,17.000000,1),(743,'2020-05-13 06:14:55',6.794204,79.900475,142.000000,-0.112476,0.346331,18.000000,1),(744,'2020-05-13 06:14:55',6.795673,79.904320,210.000000,-0.993542,0.298447,19.000000,1),(745,'2020-05-13 06:14:55',6.794204,79.900635,203.000000,-1.141983,0.130853,18.000000,1),(746,'2020-05-13 06:14:55',6.795869,79.903854,156.000000,0.165251,0.389427,17.000000,1),(747,'2020-05-13 06:14:55',6.795586,79.904015,124.000000,-0.711026,-0.257007,8.000000,1),(748,'2020-05-13 06:14:55',6.793830,79.900719,210.000000,-1.103675,-1.200323,9.000000,1),(749,'2020-05-13 06:14:55',6.795628,79.903755,198.000000,-0.859467,-0.539523,10.000000,1),(750,'2020-05-13 06:14:55',6.794170,79.901115,100.000000,-0.217821,-0.180393,11.000000,1),(751,'2020-05-13 06:14:55',6.795725,79.903748,175.000000,0.351999,0.059027,12.000000,1),(752,'2020-05-13 06:14:55',6.793445,79.900818,268.000000,-0.639200,-0.668810,13.000000,1),(753,'2020-05-13 06:14:55',6.793722,79.901123,200.000000,0.778167,-0.831616,15.000000,1),(754,'2020-05-13 06:14:55',6.795257,79.904022,198.000000,0.677611,-0.065471,16.000000,1),(755,'2020-05-13 06:14:55',6.793759,79.900726,275.000000,-0.016708,-0.472485,17.000000,1),(756,'2020-05-13 06:14:55',6.795919,79.903603,124.000000,-0.481183,-0.319257,18.000000,1),(757,'2020-05-13 06:14:55',6.793458,79.900558,237.000000,-0.576951,0.073392,19.000000,1),(758,'2020-05-13 06:14:55',6.793801,79.900681,108.000000,0.007234,-0.098990,17.000000,1),(759,'2020-05-13 06:14:55',6.795507,79.904358,149.000000,-0.160360,-0.506004,18.000000,1),(760,'2020-05-13 06:14:55',6.793671,79.900650,250.000000,-0.150783,-1.094978,19.000000,1),(761,'2020-05-13 06:14:55',6.795440,79.903946,200.000000,0.864358,-0.606561,18.000000,1),(762,'2020-05-13 06:14:55',6.794274,79.903481,168.000000,1.869923,-0.855558,17.000000,1),(763,'2020-05-13 06:14:55',6.793696,79.885048,135.000000,0.318480,-1.913795,9.000000,1),(764,'2020-05-13 06:14:55',6.795863,79.888535,145.000000,0.366364,-1.856334,10.000000,1),(765,'2020-05-13 06:14:55',6.793877,79.885674,199.000000,-0.361473,-0.874711,11.000000,1),(766,'2020-05-13 06:14:55',6.794327,79.885857,174.000000,-0.615258,-0.467697,18.000000,1),(767,'2020-05-13 06:14:55',6.795822,79.889404,214.000000,0.059907,-0.051106,19.000000,1),(768,'2020-05-13 06:14:55',6.794089,79.900505,124.000000,0.979280,0.169160,7.000000,1),(769,'2020-05-13 06:14:55',6.795510,79.904152,214.000000,0.720706,-0.798097,8.000000,1),(770,'2020-05-13 06:15:02',6.795385,79.903572,145.000000,-0.184302,-5.342292,15.000000,1),(771,'2020-05-13 06:15:02',6.794078,79.900635,196.000000,1.941749,-1.071036,16.000000,1),(772,'2020-05-13 06:15:02',6.795770,79.903755,211.000000,1.122932,0.274505,17.000000,1),(773,'2020-05-13 06:15:02',6.794204,79.900475,142.000000,1.098990,-0.467697,18.000000,1),(774,'2020-05-13 06:15:02',6.795673,79.904320,210.000000,-0.845102,-0.625714,19.000000,1),(775,'2020-05-13 06:15:02',6.794204,79.900635,203.000000,-1.443652,-1.592972,18.000000,1),(776,'2020-05-13 06:15:02',6.795869,79.903854,156.000000,-0.059804,-1.698317,17.000000,1),(777,'2020-05-13 06:15:02',6.795586,79.904015,124.000000,2.942526,1.083746,8.000000,1),(778,'2020-05-13 06:15:02',6.793830,79.900719,210.000000,2.501992,1.653566,9.000000,1),(779,'2020-05-13 06:15:02',6.795628,79.903755,198.000000,0.160463,-0.218700,10.000000,1),(780,'2020-05-13 06:15:02',6.794170,79.901115,100.000000,-1.443652,-1.813238,11.000000,1),(781,'2020-05-13 06:15:02',6.795725,79.903748,175.000000,-2.841866,-0.898653,12.000000,1),(782,'2020-05-13 06:15:02',6.793445,79.900818,268.000000,-2.698214,-0.774155,13.000000,1),(783,'2020-05-13 06:15:02',6.793722,79.901123,200.000000,-2.195431,-0.640080,15.000000,1),(784,'2020-05-13 06:15:02',6.795257,79.904022,198.000000,0.663245,-0.089413,16.000000,1),(785,'2020-05-13 06:15:02',6.793759,79.900726,275.000000,3.574595,-0.376718,17.000000,1),(786,'2020-05-13 06:15:02',6.795919,79.903603,124.000000,7.050976,-0.376718,18.000000,1),(787,'2020-05-13 06:15:02',6.793458,79.900558,237.000000,1.027164,-6.323915,19.000000,1),(788,'2020-05-13 06:15:02',6.793801,79.900681,108.000000,0.433402,-6.050976,17.000000,1),(789,'2020-05-13 06:15:02',6.795507,79.904358,149.000000,2.602549,-0.213912,18.000000,1),(790,'2020-05-13 06:15:02',6.793671,79.900650,250.000000,-0.438087,-1.099766,19.000000,1),(791,'2020-05-13 06:15:02',6.795440,79.903946,200.000000,-3.761239,-1.449320,18.000000,1),(792,'2020-05-13 06:15:02',6.794274,79.903481,168.000000,-3.751663,-1.343975,17.000000,1),(793,'2020-05-13 06:15:02',6.793696,79.885048,135.000000,0.304115,-0.558677,9.000000,1),(794,'2020-05-13 06:15:02',6.795863,79.888535,145.000000,5.394188,2.472383,10.000000,1),(795,'2020-05-13 06:15:02',6.793877,79.885674,199.000000,0.213135,6.437180,11.000000,1),(796,'2020-05-13 06:15:02',6.794327,79.885857,174.000000,-6.624705,-2.565018,18.000000,1),(797,'2020-05-13 06:15:02',6.795822,79.889404,214.000000,-3.239303,-1.664798,19.000000,1),(798,'2020-05-13 06:15:02',6.794089,79.900505,124.000000,-0.423722,1.366261,7.000000,1),(799,'2020-05-13 06:15:02',6.795510,79.904152,214.000000,-0.069380,-1.363129,8.000000,1),(800,'2020-05-13 06:15:05',6.795385,79.903572,145.000000,-0.840313,0.188314,15.000000,1),(801,'2020-05-13 06:15:05',6.794078,79.900635,196.000000,0.385518,0.940093,16.000000,1),(802,'2020-05-13 06:15:05',6.795770,79.903755,211.000000,-0.122053,0.911363,17.000000,1),(803,'2020-05-13 06:15:05',6.794204,79.900475,142.000000,-0.112476,0.346331,18.000000,1),(804,'2020-05-13 06:15:05',6.795673,79.904320,210.000000,-0.993542,0.298447,19.000000,1),(805,'2020-05-13 06:15:05',6.794204,79.900635,203.000000,-1.141983,0.130853,18.000000,1),(806,'2020-05-13 06:15:05',6.795869,79.903854,156.000000,0.165251,0.389427,17.000000,1),(807,'2020-05-13 06:15:05',6.795586,79.904015,124.000000,-0.711026,-0.257007,8.000000,1),(808,'2020-05-13 06:15:05',6.793830,79.900719,210.000000,-1.103675,-1.200323,9.000000,1),(809,'2020-05-13 06:15:05',6.795628,79.903755,198.000000,-0.859467,-0.539523,10.000000,1),(810,'2020-05-13 06:15:05',6.794170,79.901115,100.000000,-0.217821,-0.180393,11.000000,1),(811,'2020-05-13 06:15:05',6.795725,79.903748,175.000000,0.351999,0.059027,12.000000,1),(812,'2020-05-13 06:15:05',6.793445,79.900818,268.000000,-0.639200,-0.668810,13.000000,1),(813,'2020-05-13 06:15:05',6.793722,79.901123,200.000000,0.778167,-0.831616,15.000000,1),(814,'2020-05-13 06:15:05',6.795257,79.904022,198.000000,0.677611,-0.065471,16.000000,1),(815,'2020-05-13 06:15:05',6.793759,79.900726,275.000000,-0.016708,-0.472485,17.000000,1),(816,'2020-05-13 06:15:05',6.795919,79.903603,124.000000,-0.481183,-0.319257,18.000000,1),(817,'2020-05-13 06:15:05',6.793458,79.900558,237.000000,-0.576951,0.073392,19.000000,1),(818,'2020-05-13 06:15:05',6.793801,79.900681,108.000000,0.007234,-0.098990,17.000000,1),(819,'2020-05-13 06:15:05',6.795507,79.904358,149.000000,-0.160360,-0.506004,18.000000,1),(820,'2020-05-13 06:15:05',6.793671,79.900650,250.000000,-0.150783,-1.094978,19.000000,1),(821,'2020-05-13 06:15:05',6.795440,79.903946,200.000000,0.864358,-0.606561,18.000000,1),(822,'2020-05-13 06:15:05',6.794274,79.903481,168.000000,1.869923,-0.855558,17.000000,1),(823,'2020-05-13 06:15:05',6.793696,79.885048,135.000000,0.318480,-1.913795,9.000000,1),(824,'2020-05-13 06:15:05',6.795863,79.888535,145.000000,0.366364,-1.856334,10.000000,1),(825,'2020-05-13 06:15:05',6.793877,79.885674,199.000000,-0.361473,-0.874711,11.000000,1),(826,'2020-05-13 06:15:05',6.794327,79.885857,174.000000,-0.615258,-0.467697,18.000000,1),(827,'2020-05-13 06:15:05',6.795822,79.889404,214.000000,0.059907,-0.051106,19.000000,1),(828,'2020-05-13 06:15:05',6.794089,79.900505,124.000000,0.979280,0.169160,7.000000,1),(829,'2020-05-13 06:15:05',6.795510,79.904152,214.000000,0.720706,-0.798097,8.000000,1),(830,'2020-05-13 06:17:00',6.795385,79.903572,145.000000,-0.840313,0.188314,15.000000,1),(831,'2020-05-13 06:17:00',6.794078,79.900635,196.000000,0.385518,0.940093,16.000000,1),(832,'2020-05-13 06:17:00',6.795770,79.903755,211.000000,-0.122053,0.911363,17.000000,1),(833,'2020-05-13 06:17:00',6.794204,79.900475,142.000000,-0.112476,0.346331,18.000000,1),(834,'2020-05-13 06:17:00',6.795673,79.904320,210.000000,-0.993542,0.298447,19.000000,1),(835,'2020-05-13 06:17:00',6.794204,79.900635,203.000000,-1.141983,0.130853,18.000000,1),(836,'2020-05-13 06:17:00',6.795869,79.903854,156.000000,0.165251,0.389427,17.000000,1),(837,'2020-05-13 06:17:00',6.795586,79.904015,124.000000,-0.711026,-0.257007,8.000000,1),(838,'2020-05-13 06:17:00',6.793830,79.900719,210.000000,-1.103675,-1.200323,9.000000,1),(839,'2020-05-13 06:17:00',6.795628,79.903755,198.000000,-0.859467,-0.539523,10.000000,1),(840,'2020-05-13 06:17:00',6.794170,79.901115,100.000000,-0.217821,-0.180393,11.000000,1),(841,'2020-05-13 06:17:00',6.795725,79.903748,175.000000,0.351999,0.059027,12.000000,1),(842,'2020-05-13 06:17:00',6.793445,79.900818,268.000000,-0.639200,-0.668810,13.000000,1),(843,'2020-05-13 06:17:00',6.793722,79.901123,200.000000,0.778167,-0.831616,15.000000,1),(844,'2020-05-13 06:17:00',6.795257,79.904022,198.000000,0.677611,-0.065471,16.000000,1),(845,'2020-05-13 06:17:00',6.793759,79.900726,275.000000,-0.016708,-0.472485,17.000000,1),(846,'2020-05-13 06:17:00',6.795919,79.903603,124.000000,-0.481183,-0.319257,18.000000,1),(847,'2020-05-13 06:17:00',6.793458,79.900558,237.000000,-0.576951,0.073392,19.000000,1),(848,'2020-05-13 06:17:00',6.793801,79.900681,108.000000,0.007234,-0.098990,17.000000,1),(849,'2020-05-13 06:17:00',6.795507,79.904358,149.000000,-0.160360,-0.506004,18.000000,1),(850,'2020-05-13 06:17:00',6.793671,79.900650,250.000000,-0.150783,-1.094978,19.000000,1),(851,'2020-05-13 06:17:00',6.795440,79.903946,200.000000,0.864358,-0.606561,18.000000,1),(852,'2020-05-13 06:17:00',6.794274,79.903481,168.000000,1.869923,-0.855558,17.000000,1),(853,'2020-05-13 06:17:00',6.793696,79.885048,135.000000,0.318480,-1.913795,9.000000,1),(854,'2020-05-13 06:17:00',6.795863,79.888535,145.000000,0.366364,-1.856334,10.000000,1),(855,'2020-05-13 06:17:00',6.793877,79.885674,199.000000,-0.361473,-0.874711,11.000000,1),(856,'2020-05-13 06:17:00',6.794327,79.885857,174.000000,-0.615258,-0.467697,18.000000,1),(857,'2020-05-13 06:17:00',6.795822,79.889404,214.000000,0.059907,-0.051106,19.000000,1),(858,'2020-05-13 06:17:00',6.794089,79.900505,124.000000,0.979280,0.169160,7.000000,1),(859,'2020-05-13 06:17:00',6.795510,79.904152,214.000000,0.720706,-0.798097,8.000000,1),(860,'2020-05-13 06:17:08',6.795385,79.903572,145.000000,-0.184302,-5.342292,15.000000,1),(861,'2020-05-13 06:17:08',6.794078,79.900635,196.000000,1.941749,-1.071036,16.000000,1),(862,'2020-05-13 06:17:08',6.795770,79.903755,211.000000,1.122932,0.274505,17.000000,1),(863,'2020-05-13 06:17:08',6.794204,79.900475,142.000000,1.098990,-0.467697,18.000000,1),(864,'2020-05-13 06:17:08',6.795673,79.904320,210.000000,-0.845102,-0.625714,19.000000,1),(865,'2020-05-13 06:17:08',6.794204,79.900635,203.000000,-1.443652,-1.592972,18.000000,1),(866,'2020-05-13 06:17:08',6.795869,79.903854,156.000000,-0.059804,-1.698317,17.000000,1),(867,'2020-05-13 06:17:08',6.795586,79.904015,124.000000,2.942526,1.083746,8.000000,1),(868,'2020-05-13 06:17:08',6.793830,79.900719,210.000000,2.501992,1.653566,9.000000,1),(869,'2020-05-13 06:17:08',6.795628,79.903755,198.000000,0.160463,-0.218700,10.000000,1),(870,'2020-05-13 06:17:08',6.794170,79.901115,100.000000,-1.443652,-1.813238,11.000000,1),(871,'2020-05-13 06:17:08',6.795725,79.903748,175.000000,-2.841866,-0.898653,12.000000,1),(872,'2020-05-13 06:17:08',6.793445,79.900818,268.000000,-2.698214,-0.774155,13.000000,1),(873,'2020-05-13 06:17:08',6.793722,79.901123,200.000000,-2.195431,-0.640080,15.000000,1),(874,'2020-05-13 06:17:08',6.795257,79.904022,198.000000,0.663245,-0.089413,16.000000,1),(875,'2020-05-13 06:17:08',6.793759,79.900726,275.000000,3.574595,-0.376718,17.000000,1),(876,'2020-05-13 06:17:08',6.795919,79.903603,124.000000,7.050976,-0.376718,18.000000,1),(877,'2020-05-13 06:17:08',6.793458,79.900558,237.000000,1.027164,-6.323915,19.000000,1),(878,'2020-05-13 06:17:08',6.793801,79.900681,108.000000,0.433402,-6.050976,17.000000,1),(879,'2020-05-13 06:17:08',6.795507,79.904358,149.000000,2.602549,-0.213912,18.000000,1),(880,'2020-05-13 06:17:08',6.793671,79.900650,250.000000,-0.438087,-1.099766,19.000000,1),(881,'2020-05-13 06:17:08',6.795440,79.903946,200.000000,-3.761239,-1.449320,18.000000,1),(882,'2020-05-13 06:17:08',6.794274,79.903481,168.000000,-3.751663,-1.343975,17.000000,1),(883,'2020-05-13 06:17:08',6.793696,79.885048,135.000000,0.304115,-0.558677,9.000000,1),(884,'2020-05-13 06:17:08',6.795863,79.888535,145.000000,5.394188,2.472383,10.000000,1),(885,'2020-05-13 06:17:08',6.793877,79.885674,199.000000,0.213135,6.437180,11.000000,1),(886,'2020-05-13 06:17:08',6.794327,79.885857,174.000000,-6.624705,-2.565018,18.000000,1),(887,'2020-05-13 06:17:08',6.795822,79.889404,214.000000,-3.239303,-1.664798,19.000000,1),(888,'2020-05-13 06:17:08',6.794089,79.900505,124.000000,-0.423722,1.366261,7.000000,1),(889,'2020-05-13 06:17:08',6.795510,79.904152,214.000000,-0.069380,-1.363129,8.000000,1),(890,'2020-05-13 06:17:09',6.795385,79.903572,145.000000,-0.840313,0.188314,15.000000,1),(891,'2020-05-13 06:17:09',6.794078,79.900635,196.000000,0.385518,0.940093,16.000000,1),(892,'2020-05-13 06:17:09',6.795770,79.903755,211.000000,-0.122053,0.911363,17.000000,1),(893,'2020-05-13 06:17:09',6.794204,79.900475,142.000000,-0.112476,0.346331,18.000000,1),(894,'2020-05-13 06:17:09',6.795673,79.904320,210.000000,-0.993542,0.298447,19.000000,1),(895,'2020-05-13 06:17:09',6.794204,79.900635,203.000000,-1.141983,0.130853,18.000000,1),(896,'2020-05-13 06:17:09',6.795869,79.903854,156.000000,0.165251,0.389427,17.000000,1),(897,'2020-05-13 06:17:09',6.795586,79.904015,124.000000,-0.711026,-0.257007,8.000000,1),(898,'2020-05-13 06:17:09',6.793830,79.900719,210.000000,-1.103675,-1.200323,9.000000,1),(899,'2020-05-13 06:17:09',6.795628,79.903755,198.000000,-0.859467,-0.539523,10.000000,1),(900,'2020-05-13 06:17:09',6.794170,79.901115,100.000000,-0.217821,-0.180393,11.000000,1),(901,'2020-05-13 06:17:09',6.795725,79.903748,175.000000,0.351999,0.059027,12.000000,1),(902,'2020-05-13 06:17:09',6.793445,79.900818,268.000000,-0.639200,-0.668810,13.000000,1),(903,'2020-05-13 06:17:09',6.793722,79.901123,200.000000,0.778167,-0.831616,15.000000,1),(904,'2020-05-13 06:17:09',6.795257,79.904022,198.000000,0.677611,-0.065471,16.000000,1),(905,'2020-05-13 06:17:09',6.793759,79.900726,275.000000,-0.016708,-0.472485,17.000000,1),(906,'2020-05-13 06:17:09',6.795919,79.903603,124.000000,-0.481183,-0.319257,18.000000,1),(907,'2020-05-13 06:17:09',6.793458,79.900558,237.000000,-0.576951,0.073392,19.000000,1),(908,'2020-05-13 06:17:09',6.793801,79.900681,108.000000,0.007234,-0.098990,17.000000,1),(909,'2020-05-13 06:17:09',6.795507,79.904358,149.000000,-0.160360,-0.506004,18.000000,1),(910,'2020-05-13 06:17:09',6.793671,79.900650,250.000000,-0.150783,-1.094978,19.000000,1),(911,'2020-05-13 06:17:09',6.795440,79.903946,200.000000,0.864358,-0.606561,18.000000,1),(912,'2020-05-13 06:17:09',6.794274,79.903481,168.000000,1.869923,-0.855558,17.000000,1),(913,'2020-05-13 06:17:09',6.793696,79.885048,135.000000,0.318480,-1.913795,9.000000,1),(914,'2020-05-13 06:17:09',6.795863,79.888535,145.000000,0.366364,-1.856334,10.000000,1),(915,'2020-05-13 06:17:09',6.793877,79.885674,199.000000,-0.361473,-0.874711,11.000000,1),(916,'2020-05-13 06:17:09',6.794327,79.885857,174.000000,-0.615258,-0.467697,18.000000,1),(917,'2020-05-13 06:17:09',6.795822,79.889404,214.000000,0.059907,-0.051106,19.000000,1),(918,'2020-05-13 06:17:09',6.794089,79.900505,124.000000,0.979280,0.169160,7.000000,1),(919,'2020-05-13 06:17:09',6.795510,79.904152,214.000000,0.720706,-0.798097,8.000000,1),(920,'2020-05-13 06:18:04',6.795385,79.903572,145.000000,-0.184302,-5.342292,15.000000,1),(921,'2020-05-13 06:18:04',6.794078,79.900635,196.000000,1.941749,-1.071036,16.000000,1),(922,'2020-05-13 06:18:04',6.795770,79.903755,211.000000,1.122932,0.274505,17.000000,1),(923,'2020-05-13 06:18:04',6.794204,79.900475,142.000000,1.098990,-0.467697,18.000000,1),(924,'2020-05-13 06:18:04',6.795673,79.904320,210.000000,-0.845102,-0.625714,19.000000,1),(925,'2020-05-13 06:18:04',6.794204,79.900635,203.000000,-1.443652,-1.592972,18.000000,1),(926,'2020-05-13 06:18:04',6.795869,79.903854,156.000000,-0.059804,-1.698317,17.000000,1),(927,'2020-05-13 06:18:04',6.795586,79.904015,124.000000,2.942526,1.083746,8.000000,1),(928,'2020-05-13 06:18:04',6.793830,79.900719,210.000000,2.501992,1.653566,9.000000,1),(929,'2020-05-13 06:18:04',6.795628,79.903755,198.000000,0.160463,-0.218700,10.000000,1),(930,'2020-05-13 06:18:04',6.794170,79.901115,100.000000,-1.443652,-1.813238,11.000000,1),(931,'2020-05-13 06:18:04',6.795725,79.903748,175.000000,-2.841866,-0.898653,12.000000,1),(932,'2020-05-13 06:18:04',6.793445,79.900818,268.000000,-2.698214,-0.774155,13.000000,1),(933,'2020-05-13 06:18:04',6.793722,79.901123,200.000000,-2.195431,-0.640080,15.000000,1),(934,'2020-05-13 06:18:04',6.795257,79.904022,198.000000,0.663245,-0.089413,16.000000,1),(935,'2020-05-13 06:18:04',6.793759,79.900726,275.000000,3.574595,-0.376718,17.000000,1),(936,'2020-05-13 06:18:04',6.795919,79.903603,124.000000,7.050976,-0.376718,18.000000,1),(937,'2020-05-13 06:18:04',6.793458,79.900558,237.000000,1.027164,-6.323915,19.000000,1),(938,'2020-05-13 06:18:04',6.793801,79.900681,108.000000,0.433402,-6.050976,17.000000,1),(939,'2020-05-13 06:18:04',6.795507,79.904358,149.000000,2.602549,-0.213912,18.000000,1),(940,'2020-05-13 06:18:04',6.793671,79.900650,250.000000,-0.438087,-1.099766,19.000000,1),(941,'2020-05-13 06:18:04',6.795440,79.903946,200.000000,-3.761239,-1.449320,18.000000,1),(942,'2020-05-13 06:18:04',6.794274,79.903481,168.000000,-3.751663,-1.343975,17.000000,1),(943,'2020-05-13 06:18:04',6.793696,79.885048,135.000000,0.304115,-0.558677,9.000000,1),(944,'2020-05-13 06:18:04',6.795863,79.888535,145.000000,5.394188,2.472383,10.000000,1),(945,'2020-05-13 06:18:04',6.793877,79.885674,199.000000,0.213135,6.437180,11.000000,1),(946,'2020-05-13 06:18:04',6.794327,79.885857,174.000000,-6.624705,-2.565018,18.000000,1),(947,'2020-05-13 06:18:04',6.795822,79.889404,214.000000,-3.239303,-1.664798,19.000000,1),(948,'2020-05-13 06:18:04',6.794089,79.900505,124.000000,-0.423722,1.366261,7.000000,1),(949,'2020-05-13 06:18:04',6.795510,79.904152,214.000000,-0.069380,-1.363129,8.000000,1),(950,'2020-05-13 06:18:16',6.795385,79.903572,145.000000,-0.840313,0.188314,15.000000,1),(951,'2020-05-13 06:18:16',6.794078,79.900635,196.000000,0.385518,0.940093,16.000000,1),(952,'2020-05-13 06:18:16',6.795770,79.903755,211.000000,-0.122053,0.911363,17.000000,1),(953,'2020-05-13 06:18:16',6.794204,79.900475,142.000000,-0.112476,0.346331,18.000000,1),(954,'2020-05-13 06:18:16',6.795673,79.904320,210.000000,-0.993542,0.298447,19.000000,1),(955,'2020-05-13 06:18:16',6.794204,79.900635,203.000000,-1.141983,0.130853,18.000000,1),(956,'2020-05-13 06:18:16',6.795869,79.903854,156.000000,0.165251,0.389427,17.000000,1),(957,'2020-05-13 06:18:16',6.795586,79.904015,124.000000,-0.711026,-0.257007,8.000000,1),(958,'2020-05-13 06:18:16',6.793830,79.900719,210.000000,-1.103675,-1.200323,9.000000,1),(959,'2020-05-13 06:18:16',6.795628,79.903755,198.000000,-0.859467,-0.539523,10.000000,1),(960,'2020-05-13 06:18:16',6.794170,79.901115,100.000000,-0.217821,-0.180393,11.000000,1),(961,'2020-05-13 06:18:16',6.795725,79.903748,175.000000,0.351999,0.059027,12.000000,1),(962,'2020-05-13 06:18:16',6.793445,79.900818,268.000000,-0.639200,-0.668810,13.000000,1),(963,'2020-05-13 06:18:16',6.793722,79.901123,200.000000,0.778167,-0.831616,15.000000,1),(964,'2020-05-13 06:18:16',6.795257,79.904022,198.000000,0.677611,-0.065471,16.000000,1),(965,'2020-05-13 06:18:16',6.793759,79.900726,275.000000,-0.016708,-0.472485,17.000000,1),(966,'2020-05-13 06:18:16',6.795919,79.903603,124.000000,-0.481183,-0.319257,18.000000,1),(967,'2020-05-13 06:18:16',6.793458,79.900558,237.000000,-0.576951,0.073392,19.000000,1),(968,'2020-05-13 06:18:16',6.793801,79.900681,108.000000,0.007234,-0.098990,17.000000,1),(969,'2020-05-13 06:18:16',6.795507,79.904358,149.000000,-0.160360,-0.506004,18.000000,1),(970,'2020-05-13 06:18:16',6.793671,79.900650,250.000000,-0.150783,-1.094978,19.000000,1),(971,'2020-05-13 06:18:16',6.795440,79.903946,200.000000,0.864358,-0.606561,18.000000,1),(972,'2020-05-13 06:18:16',6.794274,79.903481,168.000000,1.869923,-0.855558,17.000000,1),(973,'2020-05-13 06:18:16',6.793696,79.885048,135.000000,0.318480,-1.913795,9.000000,1),(974,'2020-05-13 06:18:16',6.795863,79.888535,145.000000,0.366364,-1.856334,10.000000,1),(975,'2020-05-13 06:18:16',6.793877,79.885674,199.000000,-0.361473,-0.874711,11.000000,1),(976,'2020-05-13 06:18:16',6.794327,79.885857,174.000000,-0.615258,-0.467697,18.000000,1),(977,'2020-05-13 06:18:16',6.795822,79.889404,214.000000,0.059907,-0.051106,19.000000,1),(978,'2020-05-13 06:18:16',6.794089,79.900505,124.000000,0.979280,0.169160,7.000000,1),(979,'2020-05-13 06:18:16',6.795510,79.904152,214.000000,0.720706,-0.798097,8.000000,1),(980,'2020-05-13 06:18:21',6.795385,79.903572,145.000000,-0.184302,-5.342292,15.000000,1),(981,'2020-05-13 06:18:21',6.794078,79.900635,196.000000,1.941749,-1.071036,16.000000,1),(982,'2020-05-13 06:18:21',6.795770,79.903755,211.000000,1.122932,0.274505,17.000000,1),(983,'2020-05-13 06:18:21',6.794204,79.900475,142.000000,1.098990,-0.467697,18.000000,1),(984,'2020-05-13 06:18:21',6.795673,79.904320,210.000000,-0.845102,-0.625714,19.000000,1),(985,'2020-05-13 06:18:21',6.794204,79.900635,203.000000,-1.443652,-1.592972,18.000000,1),(986,'2020-05-13 06:18:21',6.795869,79.903854,156.000000,-0.059804,-1.698317,17.000000,1),(987,'2020-05-13 06:18:21',6.795586,79.904015,124.000000,2.942526,1.083746,8.000000,1),(988,'2020-05-13 06:18:21',6.793830,79.900719,210.000000,2.501992,1.653566,9.000000,1),(989,'2020-05-13 06:18:21',6.795628,79.903755,198.000000,0.160463,-0.218700,10.000000,1),(990,'2020-05-13 06:18:21',6.794170,79.901115,100.000000,-1.443652,-1.813238,11.000000,1),(991,'2020-05-13 06:18:21',6.795725,79.903748,175.000000,-2.841866,-0.898653,12.000000,1),(992,'2020-05-13 06:18:21',6.793445,79.900818,268.000000,-2.698214,-0.774155,13.000000,1),(993,'2020-05-13 06:18:21',6.793722,79.901123,200.000000,-2.195431,-0.640080,15.000000,1),(994,'2020-05-13 06:18:21',6.795257,79.904022,198.000000,0.663245,-0.089413,16.000000,1),(995,'2020-05-13 06:18:21',6.793759,79.900726,275.000000,3.574595,-0.376718,17.000000,1),(996,'2020-05-13 06:18:21',6.795919,79.903603,124.000000,7.050976,-0.376718,18.000000,1),(997,'2020-05-13 06:18:21',6.793458,79.900558,237.000000,1.027164,-6.323915,19.000000,1),(998,'2020-05-13 06:18:21',6.793801,79.900681,108.000000,0.433402,-6.050976,17.000000,1),(999,'2020-05-13 06:18:21',6.795507,79.904358,149.000000,2.602549,-0.213912,18.000000,1),(1000,'2020-05-13 06:18:21',6.793671,79.900650,250.000000,-0.438087,-1.099766,19.000000,1),(1001,'2020-05-13 06:18:21',6.795440,79.903946,200.000000,-3.761239,-1.449320,18.000000,1),(1002,'2020-05-13 06:18:21',6.794274,79.903481,168.000000,-3.751663,-1.343975,17.000000,1),(1003,'2020-05-13 06:18:21',6.793696,79.885048,135.000000,0.304115,-0.558677,9.000000,1),(1004,'2020-05-13 06:18:21',6.795863,79.888535,145.000000,5.394188,2.472383,10.000000,1),(1005,'2020-05-13 06:18:21',6.793877,79.885674,199.000000,0.213135,6.437180,11.000000,1),(1006,'2020-05-13 06:18:21',6.794327,79.885857,174.000000,-6.624705,-2.565018,18.000000,1),(1007,'2020-05-13 06:18:21',6.795822,79.889404,214.000000,-3.239303,-1.664798,19.000000,1),(1008,'2020-05-13 06:18:21',6.794089,79.900505,124.000000,-0.423722,1.366261,7.000000,1),(1009,'2020-05-13 06:18:21',6.795510,79.904152,214.000000,-0.069380,-1.363129,8.000000,1),(1010,'2020-05-13 06:19:13',6.795385,79.903572,145.000000,-0.184302,-5.342292,15.000000,1),(1011,'2020-05-13 06:19:13',6.794078,79.900635,196.000000,1.941749,-1.071036,16.000000,1),(1012,'2020-05-13 06:19:13',6.795770,79.903755,211.000000,1.122932,0.274505,17.000000,1),(1013,'2020-05-13 06:19:13',6.794204,79.900475,142.000000,1.098990,-0.467697,18.000000,1),(1014,'2020-05-13 06:19:13',6.795673,79.904320,210.000000,-0.845102,-0.625714,19.000000,1),(1015,'2020-05-13 06:19:13',6.794204,79.900635,203.000000,-1.443652,-1.592972,18.000000,1),(1016,'2020-05-13 06:19:13',6.795869,79.903854,156.000000,-0.059804,-1.698317,17.000000,1),(1017,'2020-05-13 06:19:13',6.795586,79.904015,124.000000,2.942526,1.083746,8.000000,1),(1018,'2020-05-13 06:19:13',6.793830,79.900719,210.000000,2.501992,1.653566,9.000000,1),(1019,'2020-05-13 06:19:13',6.795628,79.903755,198.000000,0.160463,-0.218700,10.000000,1),(1020,'2020-05-13 06:19:13',6.794170,79.901115,100.000000,-1.443652,-1.813238,11.000000,1),(1021,'2020-05-13 06:19:13',6.795725,79.903748,175.000000,-2.841866,-0.898653,12.000000,1),(1022,'2020-05-13 06:19:13',6.793445,79.900818,268.000000,-2.698214,-0.774155,13.000000,1),(1023,'2020-05-13 06:19:13',6.793722,79.901123,200.000000,-2.195431,-0.640080,15.000000,1),(1024,'2020-05-13 06:19:13',6.795257,79.904022,198.000000,0.663245,-0.089413,16.000000,1),(1025,'2020-05-13 06:19:13',6.793759,79.900726,275.000000,3.574595,-0.376718,17.000000,1),(1026,'2020-05-13 06:19:13',6.795919,79.903603,124.000000,7.050976,-0.376718,18.000000,1),(1027,'2020-05-13 06:19:13',6.793458,79.900558,237.000000,1.027164,-6.323915,19.000000,1),(1028,'2020-05-13 06:19:13',6.793801,79.900681,108.000000,0.433402,-6.050976,17.000000,1),(1029,'2020-05-13 06:19:13',6.795507,79.904358,149.000000,2.602549,-0.213912,18.000000,1),(1030,'2020-05-13 06:19:13',6.793671,79.900650,250.000000,-0.438087,-1.099766,19.000000,1),(1031,'2020-05-13 06:19:13',6.795440,79.903946,200.000000,-3.761239,-1.449320,18.000000,1),(1032,'2020-05-13 06:19:13',6.794274,79.903481,168.000000,-3.751663,-1.343975,17.000000,1),(1033,'2020-05-13 06:19:13',6.793696,79.885048,135.000000,0.304115,-0.558677,9.000000,1),(1034,'2020-05-13 06:19:13',6.795863,79.888535,145.000000,5.394188,2.472383,10.000000,1),(1035,'2020-05-13 06:19:13',6.793877,79.885674,199.000000,0.213135,6.437180,11.000000,1),(1036,'2020-05-13 06:19:13',6.794327,79.885857,174.000000,-6.624705,-2.565018,18.000000,1),(1037,'2020-05-13 06:19:13',6.795822,79.889404,214.000000,-3.239303,-1.664798,19.000000,1),(1038,'2020-05-13 06:19:13',6.794089,79.900505,124.000000,-0.423722,1.366261,7.000000,1),(1039,'2020-05-13 06:19:13',6.795510,79.904152,214.000000,-0.069380,-1.363129,8.000000,1),(1040,'2020-05-13 06:20:44',6.795385,79.903572,145.000000,-0.840313,0.188314,15.000000,1),(1041,'2020-05-13 06:20:44',6.794078,79.900635,196.000000,0.385518,0.940093,16.000000,1),(1042,'2020-05-13 06:20:44',6.795770,79.903755,211.000000,-0.122053,0.911363,17.000000,1),(1043,'2020-05-13 06:20:44',6.794204,79.900475,142.000000,-0.112476,0.346331,18.000000,1),(1044,'2020-05-13 06:20:44',6.795673,79.904320,210.000000,-0.993542,0.298447,19.000000,1),(1045,'2020-05-13 06:20:44',6.794204,79.900635,203.000000,-1.141983,0.130853,18.000000,1),(1046,'2020-05-13 06:20:44',6.795869,79.903854,156.000000,0.165251,0.389427,17.000000,1),(1047,'2020-05-13 06:20:44',6.795586,79.904015,124.000000,-0.711026,-0.257007,8.000000,1),(1048,'2020-05-13 06:20:44',6.793830,79.900719,210.000000,-1.103675,-1.200323,9.000000,1),(1049,'2020-05-13 06:20:44',6.795628,79.903755,198.000000,-0.859467,-0.539523,10.000000,1),(1050,'2020-05-13 06:20:44',6.794170,79.901115,100.000000,-0.217821,-0.180393,11.000000,1),(1051,'2020-05-13 06:20:44',6.795725,79.903748,175.000000,0.351999,0.059027,12.000000,1),(1052,'2020-05-13 06:20:44',6.793445,79.900818,268.000000,-0.639200,-0.668810,13.000000,1),(1053,'2020-05-13 06:20:44',6.793722,79.901123,200.000000,0.778167,-0.831616,15.000000,1),(1054,'2020-05-13 06:20:44',6.795257,79.904022,198.000000,0.677611,-0.065471,16.000000,1),(1055,'2020-05-13 06:20:44',6.793759,79.900726,275.000000,-0.016708,-0.472485,17.000000,1),(1056,'2020-05-13 06:20:44',6.795919,79.903603,124.000000,-0.481183,-0.319257,18.000000,1),(1057,'2020-05-13 06:20:44',6.793458,79.900558,237.000000,-0.576951,0.073392,19.000000,1),(1058,'2020-05-13 06:20:44',6.793801,79.900681,108.000000,0.007234,-0.098990,17.000000,1),(1059,'2020-05-13 06:20:44',6.795507,79.904358,149.000000,-0.160360,-0.506004,18.000000,1),(1060,'2020-05-13 06:20:44',6.793671,79.900650,250.000000,-0.150783,-1.094978,19.000000,1),(1061,'2020-05-13 06:20:44',6.795440,79.903946,200.000000,0.864358,-0.606561,18.000000,1),(1062,'2020-05-13 06:20:44',6.794274,79.903481,168.000000,1.869923,-0.855558,17.000000,1),(1063,'2020-05-13 06:20:44',6.793696,79.885048,135.000000,0.318480,-1.913795,9.000000,1),(1064,'2020-05-13 06:20:44',6.795863,79.888535,145.000000,0.366364,-1.856334,10.000000,1),(1065,'2020-05-13 06:20:44',6.793877,79.885674,199.000000,-0.361473,-0.874711,11.000000,1),(1066,'2020-05-13 06:20:44',6.794327,79.885857,174.000000,-0.615258,-0.467697,18.000000,1),(1067,'2020-05-13 06:20:44',6.795822,79.889404,214.000000,0.059907,-0.051106,19.000000,1),(1068,'2020-05-13 06:20:44',6.794089,79.900505,124.000000,0.979280,0.169160,7.000000,1),(1069,'2020-05-13 06:20:44',6.795510,79.904152,214.000000,0.720706,-0.798097,8.000000,1),(1070,'2020-05-13 06:20:48',6.795385,79.903572,145.000000,-0.184302,-5.342292,15.000000,1),(1071,'2020-05-13 06:20:48',6.794078,79.900635,196.000000,1.941749,-1.071036,16.000000,1),(1072,'2020-05-13 06:20:48',6.795770,79.903755,211.000000,1.122932,0.274505,17.000000,1),(1073,'2020-05-13 06:20:48',6.794204,79.900475,142.000000,1.098990,-0.467697,18.000000,1),(1074,'2020-05-13 06:20:48',6.795673,79.904320,210.000000,-0.845102,-0.625714,19.000000,1),(1075,'2020-05-13 06:20:48',6.794204,79.900635,203.000000,-1.443652,-1.592972,18.000000,1),(1076,'2020-05-13 06:20:48',6.795869,79.903854,156.000000,-0.059804,-1.698317,17.000000,1),(1077,'2020-05-13 06:20:48',6.795586,79.904015,124.000000,2.942526,1.083746,8.000000,1),(1078,'2020-05-13 06:20:48',6.793830,79.900719,210.000000,2.501992,1.653566,9.000000,1),(1079,'2020-05-13 06:20:48',6.795628,79.903755,198.000000,0.160463,-0.218700,10.000000,1),(1080,'2020-05-13 06:20:48',6.794170,79.901115,100.000000,-1.443652,-1.813238,11.000000,1),(1081,'2020-05-13 06:20:48',6.795725,79.903748,175.000000,-2.841866,-0.898653,12.000000,1),(1082,'2020-05-13 06:20:48',6.793445,79.900818,268.000000,-2.698214,-0.774155,13.000000,1),(1083,'2020-05-13 06:20:48',6.793722,79.901123,200.000000,-2.195431,-0.640080,15.000000,1),(1084,'2020-05-13 06:20:48',6.795257,79.904022,198.000000,0.663245,-0.089413,16.000000,1),(1085,'2020-05-13 06:20:48',6.793759,79.900726,275.000000,3.574595,-0.376718,17.000000,1),(1086,'2020-05-13 06:20:48',6.795919,79.903603,124.000000,7.050976,-0.376718,18.000000,1),(1087,'2020-05-13 06:20:48',6.793458,79.900558,237.000000,1.027164,-6.323915,19.000000,1),(1088,'2020-05-13 06:20:48',6.793801,79.900681,108.000000,0.433402,-6.050976,17.000000,1),(1089,'2020-05-13 06:20:48',6.795507,79.904358,149.000000,2.602549,-0.213912,18.000000,1),(1090,'2020-05-13 06:20:48',6.793671,79.900650,250.000000,-0.438087,-1.099766,19.000000,1),(1091,'2020-05-13 06:20:48',6.795440,79.903946,200.000000,-3.761239,-1.449320,18.000000,1),(1092,'2020-05-13 06:20:48',6.794274,79.903481,168.000000,-3.751663,-1.343975,17.000000,1),(1093,'2020-05-13 06:20:48',6.793696,79.885048,135.000000,0.304115,-0.558677,9.000000,1),(1094,'2020-05-13 06:20:48',6.795863,79.888535,145.000000,5.394188,2.472383,10.000000,1),(1095,'2020-05-13 06:20:48',6.793877,79.885674,199.000000,0.213135,6.437180,11.000000,1),(1096,'2020-05-13 06:20:48',6.794327,79.885857,174.000000,-6.624705,-2.565018,18.000000,1),(1097,'2020-05-13 06:20:48',6.795822,79.889404,214.000000,-3.239303,-1.664798,19.000000,1),(1098,'2020-05-13 06:20:48',6.794089,79.900505,124.000000,-0.423722,1.366261,7.000000,1),(1099,'2020-05-13 06:20:48',6.795510,79.904152,214.000000,-0.069380,-1.363129,8.000000,1),(1100,'2020-05-13 06:23:03',6.795385,79.903572,145.000000,-0.840313,0.188314,15.000000,1),(1101,'2020-05-13 06:23:03',6.794078,79.900635,196.000000,0.385518,0.940093,16.000000,1),(1102,'2020-05-13 06:23:03',6.795770,79.903755,211.000000,-0.122053,0.911363,17.000000,1),(1103,'2020-05-13 06:23:03',6.794204,79.900475,142.000000,-0.112476,0.346331,18.000000,1),(1104,'2020-05-13 06:23:03',6.795673,79.904320,210.000000,-0.993542,0.298447,19.000000,1),(1105,'2020-05-13 06:23:03',6.794204,79.900635,203.000000,-1.141983,0.130853,18.000000,1),(1106,'2020-05-13 06:23:03',6.795869,79.903854,156.000000,0.165251,0.389427,17.000000,1),(1107,'2020-05-13 06:23:03',6.795586,79.904015,124.000000,-0.711026,-0.257007,8.000000,1),(1108,'2020-05-13 06:23:03',6.793830,79.900719,210.000000,-1.103675,-1.200323,9.000000,1),(1109,'2020-05-13 06:23:03',6.795628,79.903755,198.000000,-0.859467,-0.539523,10.000000,1),(1110,'2020-05-13 06:23:03',6.794170,79.901115,100.000000,-0.217821,-0.180393,11.000000,1),(1111,'2020-05-13 06:23:03',6.795725,79.903748,175.000000,0.351999,0.059027,12.000000,1),(1112,'2020-05-13 06:23:03',6.793445,79.900818,268.000000,-0.639200,-0.668810,13.000000,1),(1113,'2020-05-13 06:23:03',6.793722,79.901123,200.000000,0.778167,-0.831616,15.000000,1),(1114,'2020-05-13 06:23:03',6.795257,79.904022,198.000000,0.677611,-0.065471,16.000000,1),(1115,'2020-05-13 06:23:03',6.793759,79.900726,275.000000,-0.016708,-0.472485,17.000000,1),(1116,'2020-05-13 06:23:03',6.795919,79.903603,124.000000,-0.481183,-0.319257,18.000000,1),(1117,'2020-05-13 06:23:03',6.793458,79.900558,237.000000,-0.576951,0.073392,19.000000,1),(1118,'2020-05-13 06:23:03',6.793801,79.900681,108.000000,0.007234,-0.098990,17.000000,1),(1119,'2020-05-13 06:23:03',6.795507,79.904358,149.000000,-0.160360,-0.506004,18.000000,1),(1120,'2020-05-13 06:23:03',6.793671,79.900650,250.000000,-0.150783,-1.094978,19.000000,1),(1121,'2020-05-13 06:23:03',6.795440,79.903946,200.000000,0.864358,-0.606561,18.000000,1),(1122,'2020-05-13 06:23:03',6.794274,79.903481,168.000000,1.869923,-0.855558,17.000000,1),(1123,'2020-05-13 06:23:03',6.793696,79.885048,135.000000,0.318480,-1.913795,9.000000,1),(1124,'2020-05-13 06:23:03',6.795863,79.888535,145.000000,0.366364,-1.856334,10.000000,1),(1125,'2020-05-13 06:23:03',6.793877,79.885674,199.000000,-0.361473,-0.874711,11.000000,1),(1126,'2020-05-13 06:23:03',6.794327,79.885857,174.000000,-0.615258,-0.467697,18.000000,1),(1127,'2020-05-13 06:23:03',6.795822,79.889404,214.000000,0.059907,-0.051106,19.000000,1),(1128,'2020-05-13 06:23:03',6.794089,79.900505,124.000000,0.979280,0.169160,7.000000,1),(1129,'2020-05-13 06:23:03',6.795510,79.904152,214.000000,0.720706,-0.798097,8.000000,1),(1130,'2020-05-13 06:23:35',6.795385,79.903572,145.000000,-0.184302,-5.342292,15.000000,1),(1131,'2020-05-13 06:23:35',6.794078,79.900635,196.000000,1.941749,-1.071036,16.000000,1),(1132,'2020-05-13 06:23:35',6.795770,79.903755,211.000000,1.122932,0.274505,17.000000,1),(1133,'2020-05-13 06:23:35',6.794204,79.900475,142.000000,1.098990,-0.467697,18.000000,1),(1134,'2020-05-13 06:23:35',6.795673,79.904320,210.000000,-0.845102,-0.625714,19.000000,1),(1135,'2020-05-13 06:23:35',6.794204,79.900635,203.000000,-1.443652,-1.592972,18.000000,1),(1136,'2020-05-13 06:23:35',6.795869,79.903854,156.000000,-0.059804,-1.698317,17.000000,1),(1137,'2020-05-13 06:23:35',6.795586,79.904015,124.000000,2.942526,1.083746,8.000000,1),(1138,'2020-05-13 06:23:35',6.793830,79.900719,210.000000,2.501992,1.653566,9.000000,1),(1139,'2020-05-13 06:23:35',6.795628,79.903755,198.000000,0.160463,-0.218700,10.000000,1),(1140,'2020-05-13 06:23:35',6.794170,79.901115,100.000000,-1.443652,-1.813238,11.000000,1),(1141,'2020-05-13 06:23:35',6.795725,79.903748,175.000000,-2.841866,-0.898653,12.000000,1),(1142,'2020-05-13 06:23:35',6.793445,79.900818,268.000000,-2.698214,-0.774155,13.000000,1),(1143,'2020-05-13 06:23:35',6.793722,79.901123,200.000000,-2.195431,-0.640080,15.000000,1),(1144,'2020-05-13 06:23:35',6.795257,79.904022,198.000000,0.663245,-0.089413,16.000000,1),(1145,'2020-05-13 06:23:35',6.793759,79.900726,275.000000,3.574595,-0.376718,17.000000,1),(1146,'2020-05-13 06:23:35',6.795919,79.903603,124.000000,7.050976,-0.376718,18.000000,1),(1147,'2020-05-13 06:23:35',6.793458,79.900558,237.000000,1.027164,-6.323915,19.000000,1),(1148,'2020-05-13 06:23:35',6.793801,79.900681,108.000000,0.433402,-6.050976,17.000000,1),(1149,'2020-05-13 06:23:35',6.795507,79.904358,149.000000,2.602549,-0.213912,18.000000,1),(1150,'2020-05-13 06:23:35',6.793671,79.900650,250.000000,-0.438087,-1.099766,19.000000,1),(1151,'2020-05-13 06:23:35',6.795440,79.903946,200.000000,-3.761239,-1.449320,18.000000,1),(1152,'2020-05-13 06:23:35',6.794274,79.903481,168.000000,-3.751663,-1.343975,17.000000,1),(1153,'2020-05-13 06:23:35',6.793696,79.885048,135.000000,0.304115,-0.558677,9.000000,1),(1154,'2020-05-13 06:23:35',6.795863,79.888535,145.000000,5.394188,2.472383,10.000000,1),(1155,'2020-05-13 06:23:35',6.793877,79.885674,199.000000,0.213135,6.437180,11.000000,1),(1156,'2020-05-13 06:23:35',6.794327,79.885857,174.000000,-6.624705,-2.565018,18.000000,1),(1157,'2020-05-13 06:23:35',6.795822,79.889404,214.000000,-3.239303,-1.664798,19.000000,1),(1158,'2020-05-13 06:23:35',6.794089,79.900505,124.000000,-0.423722,1.366261,7.000000,1),(1159,'2020-05-13 06:23:35',6.795510,79.904152,214.000000,-0.069380,-1.363129,8.000000,1),(1160,'2020-05-13 06:23:40',6.795385,79.903572,145.000000,-0.840313,0.188314,15.000000,1),(1161,'2020-05-13 06:23:40',6.794078,79.900635,196.000000,0.385518,0.940093,16.000000,1),(1162,'2020-05-13 06:23:40',6.795770,79.903755,211.000000,-0.122053,0.911363,17.000000,1),(1163,'2020-05-13 06:23:40',6.794204,79.900475,142.000000,-0.112476,0.346331,18.000000,1),(1164,'2020-05-13 06:23:40',6.795673,79.904320,210.000000,-0.993542,0.298447,19.000000,1),(1165,'2020-05-13 06:23:40',6.794204,79.900635,203.000000,-1.141983,0.130853,18.000000,1),(1166,'2020-05-13 06:23:40',6.795869,79.903854,156.000000,0.165251,0.389427,17.000000,1),(1167,'2020-05-13 06:23:40',6.795586,79.904015,124.000000,-0.711026,-0.257007,8.000000,1),(1168,'2020-05-13 06:23:40',6.793830,79.900719,210.000000,-1.103675,-1.200323,9.000000,1),(1169,'2020-05-13 06:23:40',6.795628,79.903755,198.000000,-0.859467,-0.539523,10.000000,1),(1170,'2020-05-13 06:23:40',6.794170,79.901115,100.000000,-0.217821,-0.180393,11.000000,1),(1171,'2020-05-13 06:23:40',6.795725,79.903748,175.000000,0.351999,0.059027,12.000000,1),(1172,'2020-05-13 06:23:40',6.793445,79.900818,268.000000,-0.639200,-0.668810,13.000000,1),(1173,'2020-05-13 06:23:40',6.793722,79.901123,200.000000,0.778167,-0.831616,15.000000,1),(1174,'2020-05-13 06:23:40',6.795257,79.904022,198.000000,0.677611,-0.065471,16.000000,1),(1175,'2020-05-13 06:23:40',6.793759,79.900726,275.000000,-0.016708,-0.472485,17.000000,1),(1176,'2020-05-13 06:23:40',6.795919,79.903603,124.000000,-0.481183,-0.319257,18.000000,1),(1177,'2020-05-13 06:23:40',6.793458,79.900558,237.000000,-0.576951,0.073392,19.000000,1),(1178,'2020-05-13 06:23:40',6.793801,79.900681,108.000000,0.007234,-0.098990,17.000000,1),(1179,'2020-05-13 06:23:40',6.795507,79.904358,149.000000,-0.160360,-0.506004,18.000000,1),(1180,'2020-05-13 06:23:40',6.793671,79.900650,250.000000,-0.150783,-1.094978,19.000000,1),(1181,'2020-05-13 06:23:40',6.795440,79.903946,200.000000,0.864358,-0.606561,18.000000,1),(1182,'2020-05-13 06:23:40',6.794274,79.903481,168.000000,1.869923,-0.855558,17.000000,1),(1183,'2020-05-13 06:23:40',6.793696,79.885048,135.000000,0.318480,-1.913795,9.000000,1),(1184,'2020-05-13 06:23:40',6.795863,79.888535,145.000000,0.366364,-1.856334,10.000000,1),(1185,'2020-05-13 06:23:40',6.793877,79.885674,199.000000,-0.361473,-0.874711,11.000000,1),(1186,'2020-05-13 06:23:40',6.794327,79.885857,174.000000,-0.615258,-0.467697,18.000000,1),(1187,'2020-05-13 06:23:40',6.795822,79.889404,214.000000,0.059907,-0.051106,19.000000,1),(1188,'2020-05-13 06:23:40',6.794089,79.900505,124.000000,0.979280,0.169160,7.000000,1),(1189,'2020-05-13 06:23:40',6.795510,79.904152,214.000000,0.720706,-0.798097,8.000000,1),(1190,'2020-05-13 06:23:42',6.795385,79.903572,145.000000,-0.184302,-5.342292,15.000000,1),(1191,'2020-05-13 06:23:42',6.794078,79.900635,196.000000,1.941749,-1.071036,16.000000,1),(1192,'2020-05-13 06:23:42',6.795770,79.903755,211.000000,1.122932,0.274505,17.000000,1),(1193,'2020-05-13 06:23:42',6.794204,79.900475,142.000000,1.098990,-0.467697,18.000000,1),(1194,'2020-05-13 06:23:42',6.795673,79.904320,210.000000,-0.845102,-0.625714,19.000000,1),(1195,'2020-05-13 06:23:42',6.794204,79.900635,203.000000,-1.443652,-1.592972,18.000000,1),(1196,'2020-05-13 06:23:42',6.795869,79.903854,156.000000,-0.059804,-1.698317,17.000000,1),(1197,'2020-05-13 06:23:42',6.795586,79.904015,124.000000,2.942526,1.083746,8.000000,1),(1198,'2020-05-13 06:23:42',6.793830,79.900719,210.000000,2.501992,1.653566,9.000000,1),(1199,'2020-05-13 06:23:42',6.795628,79.903755,198.000000,0.160463,-0.218700,10.000000,1),(1200,'2020-05-13 06:23:42',6.794170,79.901115,100.000000,-1.443652,-1.813238,11.000000,1),(1201,'2020-05-13 06:23:42',6.795725,79.903748,175.000000,-2.841866,-0.898653,12.000000,1),(1202,'2020-05-13 06:23:42',6.793445,79.900818,268.000000,-2.698214,-0.774155,13.000000,1),(1203,'2020-05-13 06:23:42',6.793722,79.901123,200.000000,-2.195431,-0.640080,15.000000,1),(1204,'2020-05-13 06:23:42',6.795257,79.904022,198.000000,0.663245,-0.089413,16.000000,1),(1205,'2020-05-13 06:23:42',6.793759,79.900726,275.000000,3.574595,-0.376718,17.000000,1),(1206,'2020-05-13 06:23:42',6.795919,79.903603,124.000000,7.050976,-0.376718,18.000000,1),(1207,'2020-05-13 06:23:42',6.793458,79.900558,237.000000,1.027164,-6.323915,19.000000,1),(1208,'2020-05-13 06:23:42',6.793801,79.900681,108.000000,0.433402,-6.050976,17.000000,1),(1209,'2020-05-13 06:23:42',6.795507,79.904358,149.000000,2.602549,-0.213912,18.000000,1),(1210,'2020-05-13 06:23:42',6.793671,79.900650,250.000000,-0.438087,-1.099766,19.000000,1),(1211,'2020-05-13 06:23:42',6.795440,79.903946,200.000000,-3.761239,-1.449320,18.000000,1),(1212,'2020-05-13 06:23:42',6.794274,79.903481,168.000000,-3.751663,-1.343975,17.000000,1),(1213,'2020-05-13 06:23:42',6.793696,79.885048,135.000000,0.304115,-0.558677,9.000000,1),(1214,'2020-05-13 06:23:42',6.795863,79.888535,145.000000,5.394188,2.472383,10.000000,1),(1215,'2020-05-13 06:23:42',6.793877,79.885674,199.000000,0.213135,6.437180,11.000000,1),(1216,'2020-05-13 06:23:42',6.794327,79.885857,174.000000,-6.624705,-2.565018,18.000000,1),(1217,'2020-05-13 06:23:42',6.795822,79.889404,214.000000,-3.239303,-1.664798,19.000000,1),(1218,'2020-05-13 06:23:42',6.794089,79.900505,124.000000,-0.423722,1.366261,7.000000,1),(1219,'2020-05-13 06:23:42',6.795510,79.904152,214.000000,-0.069380,-1.363129,8.000000,1),(1220,'2020-05-13 06:23:59',6.795385,79.903572,145.000000,-0.840313,0.188314,15.000000,1),(1221,'2020-05-13 06:23:59',6.794078,79.900635,196.000000,0.385518,0.940093,16.000000,1),(1222,'2020-05-13 06:23:59',6.795770,79.903755,211.000000,-0.122053,0.911363,17.000000,1),(1223,'2020-05-13 06:23:59',6.794204,79.900475,142.000000,-0.112476,0.346331,18.000000,1),(1224,'2020-05-13 06:23:59',6.795673,79.904320,210.000000,-0.993542,0.298447,19.000000,1),(1225,'2020-05-13 06:23:59',6.794204,79.900635,203.000000,-1.141983,0.130853,18.000000,1),(1226,'2020-05-13 06:23:59',6.795869,79.903854,156.000000,0.165251,0.389427,17.000000,1),(1227,'2020-05-13 06:23:59',6.795586,79.904015,124.000000,-0.711026,-0.257007,8.000000,1),(1228,'2020-05-13 06:23:59',6.793830,79.900719,210.000000,-1.103675,-1.200323,9.000000,1),(1229,'2020-05-13 06:23:59',6.795628,79.903755,198.000000,-0.859467,-0.539523,10.000000,1),(1230,'2020-05-13 06:23:59',6.794170,79.901115,100.000000,-0.217821,-0.180393,11.000000,1),(1231,'2020-05-13 06:23:59',6.795725,79.903748,175.000000,0.351999,0.059027,12.000000,1),(1232,'2020-05-13 06:23:59',6.793445,79.900818,268.000000,-0.639200,-0.668810,13.000000,1),(1233,'2020-05-13 06:23:59',6.793722,79.901123,200.000000,0.778167,-0.831616,15.000000,1),(1234,'2020-05-13 06:23:59',6.795257,79.904022,198.000000,0.677611,-0.065471,16.000000,1),(1235,'2020-05-13 06:23:59',6.793759,79.900726,275.000000,-0.016708,-0.472485,17.000000,1),(1236,'2020-05-13 06:23:59',6.795919,79.903603,124.000000,-0.481183,-0.319257,18.000000,1),(1237,'2020-05-13 06:23:59',6.793458,79.900558,237.000000,-0.576951,0.073392,19.000000,1),(1238,'2020-05-13 06:23:59',6.793801,79.900681,108.000000,0.007234,-0.098990,17.000000,1),(1239,'2020-05-13 06:23:59',6.795507,79.904358,149.000000,-0.160360,-0.506004,18.000000,1),(1240,'2020-05-13 06:23:59',6.793671,79.900650,250.000000,-0.150783,-1.094978,19.000000,1),(1241,'2020-05-13 06:23:59',6.795440,79.903946,200.000000,0.864358,-0.606561,18.000000,1),(1242,'2020-05-13 06:23:59',6.794274,79.903481,168.000000,1.869923,-0.855558,17.000000,1),(1243,'2020-05-13 06:23:59',6.793696,79.885048,135.000000,0.318480,-1.913795,9.000000,1),(1244,'2020-05-13 06:23:59',6.795863,79.888535,145.000000,0.366364,-1.856334,10.000000,1),(1245,'2020-05-13 06:23:59',6.793877,79.885674,199.000000,-0.361473,-0.874711,11.000000,1),(1246,'2020-05-13 06:23:59',6.794327,79.885857,174.000000,-0.615258,-0.467697,18.000000,1),(1247,'2020-05-13 06:23:59',6.795822,79.889404,214.000000,0.059907,-0.051106,19.000000,1),(1248,'2020-05-13 06:23:59',6.794089,79.900505,124.000000,0.979280,0.169160,7.000000,1),(1249,'2020-05-13 06:23:59',6.795510,79.904152,214.000000,0.720706,-0.798097,8.000000,1),(1250,'2020-05-13 06:24:02',6.795385,79.903572,145.000000,-0.184302,-5.342292,15.000000,1),(1251,'2020-05-13 06:24:02',6.794078,79.900635,196.000000,1.941749,-1.071036,16.000000,1),(1252,'2020-05-13 06:24:02',6.795770,79.903755,211.000000,1.122932,0.274505,17.000000,1),(1253,'2020-05-13 06:24:02',6.794204,79.900475,142.000000,1.098990,-0.467697,18.000000,1),(1254,'2020-05-13 06:24:02',6.795673,79.904320,210.000000,-0.845102,-0.625714,19.000000,1),(1255,'2020-05-13 06:24:02',6.794204,79.900635,203.000000,-1.443652,-1.592972,18.000000,1),(1256,'2020-05-13 06:24:02',6.795869,79.903854,156.000000,-0.059804,-1.698317,17.000000,1),(1257,'2020-05-13 06:24:02',6.795586,79.904015,124.000000,2.942526,1.083746,8.000000,1),(1258,'2020-05-13 06:24:02',6.793830,79.900719,210.000000,2.501992,1.653566,9.000000,1),(1259,'2020-05-13 06:24:02',6.795628,79.903755,198.000000,0.160463,-0.218700,10.000000,1),(1260,'2020-05-13 06:24:02',6.794170,79.901115,100.000000,-1.443652,-1.813238,11.000000,1),(1261,'2020-05-13 06:24:02',6.795725,79.903748,175.000000,-2.841866,-0.898653,12.000000,1),(1262,'2020-05-13 06:24:02',6.793445,79.900818,268.000000,-2.698214,-0.774155,13.000000,1),(1263,'2020-05-13 06:24:02',6.793722,79.901123,200.000000,-2.195431,-0.640080,15.000000,1),(1264,'2020-05-13 06:24:02',6.795257,79.904022,198.000000,0.663245,-0.089413,16.000000,1),(1265,'2020-05-13 06:24:02',6.793759,79.900726,275.000000,3.574595,-0.376718,17.000000,1),(1266,'2020-05-13 06:24:02',6.795919,79.903603,124.000000,7.050976,-0.376718,18.000000,1),(1267,'2020-05-13 06:24:02',6.793458,79.900558,237.000000,1.027164,-6.323915,19.000000,1),(1268,'2020-05-13 06:24:02',6.793801,79.900681,108.000000,0.433402,-6.050976,17.000000,1),(1269,'2020-05-13 06:24:02',6.795507,79.904358,149.000000,2.602549,-0.213912,18.000000,1),(1270,'2020-05-13 06:24:02',6.793671,79.900650,250.000000,-0.438087,-1.099766,19.000000,1),(1271,'2020-05-13 06:24:02',6.795440,79.903946,200.000000,-3.761239,-1.449320,18.000000,1),(1272,'2020-05-13 06:24:02',6.794274,79.903481,168.000000,-3.751663,-1.343975,17.000000,1),(1273,'2020-05-13 06:24:02',6.793696,79.885048,135.000000,0.304115,-0.558677,9.000000,1),(1274,'2020-05-13 06:24:02',6.795863,79.888535,145.000000,5.394188,2.472383,10.000000,1),(1275,'2020-05-13 06:24:02',6.793877,79.885674,199.000000,0.213135,6.437180,11.000000,1),(1276,'2020-05-13 06:24:02',6.794327,79.885857,174.000000,-6.624705,-2.565018,18.000000,1),(1277,'2020-05-13 06:24:02',6.795822,79.889404,214.000000,-3.239303,-1.664798,19.000000,1),(1278,'2020-05-13 06:24:02',6.794089,79.900505,124.000000,-0.423722,1.366261,7.000000,1),(1279,'2020-05-13 06:24:02',6.795510,79.904152,214.000000,-0.069380,-1.363129,8.000000,1);
/*!40000 ALTER TABLE `coordinate` ENABLE KEYS */;
UNLOCK TABLES;

--
-- Table structure for table `link_goal_model`
--

DROP TABLE IF EXISTS `link_goal_model`;
/*!40101 SET @saved_cs_client     = @@character_set_client */;
/*!40101 SET character_set_client = utf8 */;
CREATE TABLE `link_goal_model` (
  `id` int(6) unsigned NOT NULL AUTO_INCREMENT,
  `goal_id` int(6) DEFAULT NULL,
  `link_id` int(6) DEFAULT NULL,
  `time_type` int(6) DEFAULT NULL,
  `count` int(6) DEFAULT NULL,
  PRIMARY KEY (`id`)
) ENGINE=InnoDB AUTO_INCREMENT=443 DEFAULT CHARSET=utf8;
/*!40101 SET character_set_client = @saved_cs_client */;

--
-- Dumping data for table `link_goal_model`
--

LOCK TABLES `link_goal_model` WRITE;
/*!40000 ALTER TABLE `link_goal_model` DISABLE KEYS */;
INSERT INTO `link_goal_model` VALUES (113,1,1,1,17),(114,1,1,2,0),(115,1,1,3,0),(116,1,2,1,17),(117,1,2,2,0),(118,1,2,3,0),(119,1,3,1,0),(120,1,3,2,0),(121,1,3,3,0),(122,1,4,1,0),(123,1,4,2,0),(124,1,4,3,0),(125,1,5,1,0),(126,1,5,2,0),(127,1,5,3,0),(128,1,6,1,0),(129,1,6,2,0),(130,1,6,3,0),(131,1,7,1,0),(132,1,7,2,0),(133,1,7,3,0),(134,1,8,1,0),(135,1,8,2,0),(136,1,8,3,0),(137,1,9,1,0),(138,1,9,2,0),(139,1,9,3,0),(140,1,10,1,0),(141,1,10,2,0),(142,1,10,3,0),(143,1,11,1,0),(144,1,11,2,0),(145,1,11,3,0),(146,1,12,1,0),(147,1,12,2,0),(148,1,12,3,0),(149,1,13,1,0),(150,1,13,2,0),(151,1,13,3,0),(152,1,14,1,1),(153,1,14,2,0),(154,1,14,3,0),(155,1,15,1,0),(156,1,15,2,0),(157,1,15,3,0),(158,1,16,1,1),(159,1,16,2,0),(160,1,16,3,0),(161,1,17,1,1),(162,1,17,2,0),(163,1,17,3,1),(164,1,18,1,1),(165,1,18,2,0),(166,1,18,3,0),(167,1,19,1,1),(168,1,19,2,0),(169,1,19,3,2),(170,1,20,1,1),(171,1,20,2,0),(172,1,20,3,0),(173,1,21,1,18),(174,1,21,2,13),(175,1,21,3,20),(176,1,22,1,0),(177,1,22,2,0),(178,1,22,3,0),(179,2,1,1,0),(180,2,1,2,0),(181,2,1,3,0),(182,2,2,1,0),(183,2,2,2,0),(184,2,2,3,0),(185,2,3,1,0),(186,2,3,2,0),(187,2,3,3,0),(188,2,4,1,0),(189,2,4,2,0),(190,2,4,3,0),(191,2,5,1,0),(192,2,5,2,0),(193,2,5,3,0),(194,2,6,1,0),(195,2,6,2,0),(196,2,6,3,0),(197,2,7,1,0),(198,2,7,2,0),(199,2,7,3,0),(200,2,8,1,0),(201,2,8,2,0),(202,2,8,3,0),(203,2,9,1,0),(204,2,9,2,0),(205,2,9,3,0),(206,2,10,1,0),(207,2,10,2,0),(208,2,10,3,0),(209,2,11,1,0),(210,2,11,2,0),(211,2,11,3,0),(212,2,12,1,0),(213,2,12,2,0),(214,2,12,3,0),(215,2,13,1,2),(216,2,13,2,2),(217,2,13,3,5),(218,2,14,1,0),(219,2,14,2,0),(220,2,14,3,0),(221,2,15,1,1),(222,2,15,2,0),(223,2,15,3,0),(224,2,16,1,0),(225,2,16,2,0),(226,2,16,3,0),(227,2,17,1,0),(228,2,17,2,0),(229,2,17,3,0),(230,2,18,1,0),(231,2,18,2,0),(232,2,18,3,0),(233,2,19,1,0),(234,2,19,2,0),(235,2,19,3,0),(236,2,20,1,0),(237,2,20,2,0),(238,2,20,3,0),(239,2,21,1,0),(240,2,21,2,0),(241,2,21,3,0),(242,2,22,1,0),(243,2,22,2,0),(244,2,22,3,0),(245,3,1,1,0),(246,3,1,2,0),(247,3,1,3,0),(248,3,2,1,0),(249,3,2,2,0),(250,3,2,3,0),(251,3,3,1,1),(252,3,3,2,0),(253,3,3,3,0),(254,3,4,1,0),(255,3,4,2,0),(256,3,4,3,0),(257,3,5,1,1),(258,3,5,2,0),(259,3,5,3,0),(260,3,6,1,1),(261,3,6,2,0),(262,3,6,3,0),(263,3,7,1,0),(264,3,7,2,0),(265,3,7,3,0),(266,3,8,1,1),(267,3,8,2,0),(268,3,8,3,0),(269,3,9,1,0),(270,3,9,2,0),(271,3,9,3,0),(272,3,10,1,0),(273,3,10,2,0),(274,3,10,3,0),(275,3,11,1,0),(276,3,11,2,0),(277,3,11,3,0),(278,3,12,1,0),(279,3,12,2,0),(280,3,12,3,0),(281,3,13,1,0),(282,3,13,2,0),(283,3,13,3,0),(284,3,14,1,0),(285,3,14,2,0),(286,3,14,3,0),(287,3,15,1,0),(288,3,15,2,0),(289,3,15,3,0),(290,3,16,1,0),(291,3,16,2,0),(292,3,16,3,0),(293,3,17,1,0),(294,3,17,2,0),(295,3,17,3,0),(296,3,18,1,0),(297,3,18,2,0),(298,3,18,3,0),(299,3,19,1,0),(300,3,19,2,0),(301,3,19,3,0),(302,3,20,1,0),(303,3,20,2,0),(304,3,20,3,0),(305,3,21,1,2),(306,3,21,2,1),(307,3,21,3,5),(308,3,22,1,0),(309,3,22,2,0),(310,3,22,3,0),(311,4,1,1,0),(312,4,1,2,0),(313,4,1,3,0),(314,4,2,1,1),(315,4,2,2,0),(316,4,2,3,0),(317,4,3,1,1),(318,4,3,2,0),(319,4,3,3,0),(320,4,4,1,1),(321,4,4,2,0),(322,4,4,3,0),(323,4,5,1,0),(324,4,5,2,0),(325,4,5,3,0),(326,4,6,1,2),(327,4,6,2,0),(328,4,6,3,0),(329,4,7,1,0),(330,4,7,2,0),(331,4,7,3,0),(332,4,8,1,0),(333,4,8,2,0),(334,4,8,3,0),(335,4,9,1,0),(336,4,9,2,0),(337,4,9,3,0),(338,4,10,1,0),(339,4,10,2,0),(340,4,10,3,0),(341,4,11,1,1),(342,4,11,2,0),(343,4,11,3,0),(344,4,12,1,0),(345,4,12,2,0),(346,4,12,3,0),(347,4,13,1,0),(348,4,13,2,0),(349,4,13,3,0),(350,4,14,1,0),(351,4,14,2,0),(352,4,14,3,0),(353,4,15,1,0),(354,4,15,2,0),(355,4,15,3,0),(356,4,16,1,0),(357,4,16,2,0),(358,4,16,3,0),(359,4,17,1,0),(360,4,17,2,0),(361,4,17,3,0),(362,4,18,1,1),(363,4,18,2,0),(364,4,18,3,0),(365,4,19,1,0),(366,4,19,2,1),(367,4,19,3,2),(368,4,20,1,25),(369,4,20,2,0),(370,4,20,3,0),(371,4,21,1,0),(372,4,21,2,0),(373,4,21,3,0),(374,4,22,1,0),(375,4,22,2,0),(376,4,22,3,0),(377,5,1,1,0),(378,5,1,2,0),(379,5,1,3,0),(380,5,2,1,0),(381,5,2,2,0),(382,5,2,3,0),(383,5,3,1,0),(384,5,3,2,0),(385,5,3,3,0),(386,5,4,1,0),(387,5,4,2,0),(388,5,4,3,0),(389,5,5,1,0),(390,5,5,2,0),(391,5,5,3,0),(392,5,6,1,0),(393,5,6,2,0),(394,5,6,3,0),(395,5,7,1,0),(396,5,7,2,0),(397,5,7,3,0),(398,5,8,1,0),(399,5,8,2,0),(400,5,8,3,0),(401,5,9,1,1),(402,5,9,2,0),(403,5,9,3,0),(404,5,10,1,21),(405,5,10,2,0),(406,5,10,3,0),(407,5,11,1,0),(408,5,11,2,0),(409,5,11,3,0),(410,5,12,1,3),(411,5,12,2,3),(412,5,12,3,1),(413,5,13,1,20),(414,5,13,2,12),(415,5,13,3,2),(416,5,14,1,0),(417,5,14,2,0),(418,5,14,3,0),(419,5,15,1,0),(420,5,15,2,0),(421,5,15,3,0),(422,5,16,1,0),(423,5,16,2,0),(424,5,16,3,0),(425,5,17,1,0),(426,5,17,2,0),(427,5,17,3,0),(428,5,18,1,0),(429,5,18,2,0),(430,5,18,3,0),(431,5,19,1,0),(432,5,19,2,0),(433,5,19,3,0),(434,5,20,1,0),(435,5,20,2,0),(436,5,20,3,0),(437,5,21,1,0),(438,5,21,2,0),(439,5,21,3,0),(440,5,22,1,1),(441,5,22,2,0),(442,5,22,3,0);
/*!40000 ALTER TABLE `link_goal_model` ENABLE KEYS */;
UNLOCK TABLES;

--
-- Table structure for table `meta_data`
--

DROP TABLE IF EXISTS `meta_data`;
/*!40101 SET @saved_cs_client     = @@character_set_client */;
/*!40101 SET character_set_client = utf8 */;
CREATE TABLE `meta_data` (
  `meta_key` varchar(255) DEFAULT NULL,
  `meta_value` varchar(255) DEFAULT NULL
) ENGINE=InnoDB DEFAULT CHARSET=utf8;
/*!40101 SET character_set_client = @saved_cs_client */;

--
-- Dumping data for table `meta_data`
--

LOCK TABLES `meta_data` WRITE;
/*!40000 ALTER TABLE `meta_data` DISABLE KEYS */;
INSERT INTO `meta_data` VALUES ('current_goal','3'),('current_link','0'),('time_range_1_min','00:00:00'),('time_range_1_max','11:59:59'),('time_range_2_min','12:00:00'),('time_range_2_max','23:59:59');
/*!40000 ALTER TABLE `meta_data` ENABLE KEYS */;
UNLOCK TABLES;

--
-- Table structure for table `reverse_route`
--

DROP TABLE IF EXISTS `reverse_route`;
/*!40101 SET @saved_cs_client     = @@character_set_client */;
/*!40101 SET character_set_client = utf8 */;
CREATE TABLE `reverse_route` (
  `route` int(6) DEFAULT NULL,
  `reverse_route` int(6) DEFAULT NULL
) ENGINE=InnoDB DEFAULT CHARSET=utf8;
/*!40101 SET character_set_client = @saved_cs_client */;

--
-- Dumping data for table `reverse_route`
--

LOCK TABLES `reverse_route` WRITE;
/*!40000 ALTER TABLE `reverse_route` DISABLE KEYS */;
INSERT INTO `reverse_route` VALUES (1,12),(2,13),(3,14),(4,15),(5,16),(6,17),(7,18),(8,19),(9,20),(10,21),(11,22),(12,1),(13,2),(14,3),(15,4),(16,5),(17,6),(18,7),(19,8),(20,9),(21,10),(22,11);
/*!40000 ALTER TABLE `reverse_route` ENABLE KEYS */;
UNLOCK TABLES;

--
-- Table structure for table `route`
--

DROP TABLE IF EXISTS `route`;
/*!40101 SET @saved_cs_client     = @@character_set_client */;
/*!40101 SET character_set_client = utf8 */;
CREATE TABLE `route` (
  `id` int(6) unsigned NOT NULL AUTO_INCREMENT,
  `latitude` float(10,6) DEFAULT NULL,
  `longitude` float(10,6) DEFAULT NULL,
  `direction` float(10,6) DEFAULT NULL,
  `route_id` int(6) DEFAULT NULL,
  PRIMARY KEY (`id`)
) ENGINE=InnoDB AUTO_INCREMENT=190 DEFAULT CHARSET=utf8;
/*!40101 SET character_set_client = @saved_cs_client */;

--
-- Dumping data for table `route`
--

LOCK TABLES `route` WRITE;
/*!40000 ALTER TABLE `route` DISABLE KEYS */;
INSERT INTO `route` VALUES (5,6.795451,79.898972,291.299988,1),(6,6.795576,79.898415,290.100006,1),(7,6.795613,79.898102,289.899994,1),(8,6.795664,79.898170,289.299988,1),(9,6.795692,79.897552,288.799988,1),(10,6.795789,79.897186,289.500000,1),(11,6.795915,79.896736,289.399994,1),(12,6.796066,79.896339,288.100006,1),(13,6.796191,79.895943,288.500000,1),(14,6.796322,79.895386,290.200012,1),(15,6.796431,79.894722,289.799988,1),(16,6.796655,79.894012,290.299988,1),(17,6.796873,79.893089,291.100006,1),(18,6.797249,79.892281,290.100006,1),(19,6.797609,79.889709,270.500000,1),(20,6.797761,79.890793,230.399994,1),(21,6.797714,79.889870,240.500000,1),(22,6.797564,79.889076,265.500000,1),(25,6.797020,79.888481,187.300003,2),(26,6.796680,79.888420,201.500000,2),(27,6.796430,79.888344,200.399994,2),(28,6.796200,79.888237,199.399994,2),(29,6.795980,79.888138,199.800003,2),(30,6.795720,79.888046,200.300003,2),(31,6.795520,79.887962,201.399994,2),(32,6.795310,79.887871,200.300003,2),(33,6.795220,79.887840,201.300003,2),(34,6.795050,79.887772,204.100006,2),(35,6.794890,79.887703,203.399994,2),(36,6.794690,79.887619,203.800003,2),(37,6.794510,79.887527,202.699997,2),(38,6.794260,79.887444,201.399994,2),(39,6.794050,79.887329,199.399994,2),(40,6.793900,79.887260,195.399994,2),(41,6.793730,79.887199,197.300003,2),(42,6.793560,79.887138,200.399994,2),(43,6.793330,79.887070,190.399994,2),(44,6.793110,79.886978,195.300003,2),(45,6.792920,79.886902,196.399994,2),(46,6.792730,79.886833,198.899994,2),(47,6.792540,79.886772,200.300003,2),(48,6.792330,79.886688,197.399994,2),(49,6.792160,79.886627,199.199997,2),(50,6.791970,79.886559,198.300003,2),(51,6.791800,79.886497,199.399994,2),(52,6.791600,79.886429,200.199997,2),(53,6.791400,79.886353,201.199997,2),(54,6.791170,79.886269,200.100006,2),(55,6.791010,79.886208,199.300003,2),(56,6.790780,79.886124,203.100006,2),(57,6.790580,79.886017,202.300003,2),(58,6.790340,79.885941,200.399994,2),(59,6.790190,79.885857,198.500000,2),(60,6.789970,79.885780,199.300003,2),(61,6.789700,79.885674,198.300003,2),(62,6.789460,79.885536,198.199997,2),(63,6.789210,79.885460,198.899994,2),(64,6.789040,79.885384,200.399994,2),(65,6.788820,79.885292,201.399994,2),(66,6.788520,79.885170,198.300003,2),(69,6.787870,79.885567,107.500000,3),(70,6.787810,79.885757,106.500000,3),(71,6.787740,79.885971,107.400002,3),(72,6.787660,79.886192,108.300003,3),(73,6.787580,79.886398,108.900002,3),(74,6.787590,79.886703,107.400002,3),(75,6.787630,79.887001,83.000000,3),(76,6.787700,79.887329,84.199997,3),(77,6.787750,79.887604,84.400002,3),(78,6.787830,79.887909,83.300003,3),(79,6.787780,79.888252,83.500000,3),(80,6.787770,79.888550,90.500000,3),(81,6.787710,79.888817,91.300003,3),(82,6.787730,79.889130,92.199997,3),(83,6.787870,79.889488,90.400002,3),(84,6.787940,79.889847,92.400002,3),(85,6.787950,79.890160,95.400002,3),(86,6.787990,79.890442,90.400002,3),(87,6.788000,79.890770,94.500000,3),(88,6.787960,79.891121,93.500000,3),(89,6.787980,79.891472,97.400002,3),(90,6.787970,79.891808,90.400002,3),(91,6.787990,79.892159,90.300003,3),(92,6.788030,79.892517,94.300003,3),(93,6.788010,79.892807,92.500000,3),(94,6.788010,79.893150,93.400002,3),(95,6.788010,79.893417,95.400002,3),(96,6.787930,79.893761,94.300003,3),(97,6.787732,79.894127,94.400002,3),(98,6.787838,79.894630,93.300003,3),(99,6.787968,79.895126,80.400002,3),(100,6.787940,79.894974,89.400002,3),(101,6.788045,79.895576,90.400002,3),(102,6.788186,79.896248,85.400002,4),(103,6.788242,79.896889,48.299999,4),(104,6.788588,79.898071,47.500000,4),(105,6.788829,79.898460,47.700001,4),(106,6.789104,79.898865,30.500000,4),(107,6.789650,79.899406,33.900002,4),(108,6.790472,79.899712,35.900002,4),(109,6.790858,79.899979,34.500000,4),(110,6.791210,79.900383,36.299999,4),(111,6.791283,79.900505,44.400002,4),(114,6.788706,79.896263,3.800000,5),(115,6.789401,79.896255,4.200000,5),(116,6.789807,79.896271,30.500000,5),(117,6.790216,79.896523,34.200001,5),(118,6.790731,79.896751,40.299999,5),(119,6.791233,79.897194,45.299999,5),(120,6.791583,79.897827,43.599998,5),(121,6.791566,79.898529,30.400000,5),(122,6.791798,79.899178,90.400002,5),(123,6.792100,79.899422,134.300003,5),(124,6.791977,79.899742,90.300003,5),(125,6.792032,79.900436,95.300003,5),(127,6.791307,79.900764,93.199997,6),(128,6.791324,79.900993,92.500000,6),(129,6.791311,79.901390,94.300003,6),(130,6.791278,79.901825,60.299999,6),(131,6.791322,79.902275,46.299999,6),(132,6.791482,79.902679,30.200001,6),(133,6.791781,79.902954,10.200000,6),(134,6.792142,79.903107,2.100000,6),(135,6.792744,79.903107,6.700000,6),(136,6.793115,79.903030,10.400000,6),(137,6.793520,79.903160,18.400000,6),(138,6.793957,79.903351,20.400000,6),(139,6.794440,79.903435,25.299999,6),(140,6.794722,79.903473,23.500000,6),(141,6.794899,79.903481,20.400000,6),(142,6.795012,79.903488,20.700001,6),(144,6.791770,79.900528,10.400000,7),(145,6.791990,79.900528,9.300000,7),(146,6.792242,79.900375,350.299988,8),(147,6.792352,79.900253,355.299988,8),(148,6.792559,79.900208,5.200000,8),(149,6.792859,79.900291,3.400000,8),(150,6.793400,79.900246,10.200000,8),(151,6.793652,79.900169,10.200000,9),(152,6.793919,79.900146,11.300000,9),(153,6.794193,79.900139,5.300000,9),(154,6.794421,79.900139,3.900000,9),(155,6.794688,79.900162,9.300000,9),(156,6.794928,79.900200,6.300000,9),(157,6.794976,79.900215,8.400000,9),(158,6.794976,79.900215,9.300000,10),(159,6.794978,79.900208,2.300000,10),(160,6.795254,79.900223,3.400000,10),(161,6.795996,79.900291,8.900000,10),(162,6.796441,79.900307,7.900000,10),(163,6.796707,79.900322,10.400000,10),(164,6.797038,79.900352,12.400000,10),(165,6.797534,79.900414,12.500000,10),(166,6.797935,79.900490,11.400000,10),(167,6.798251,79.900543,12.600000,10),(168,6.798499,79.900764,11.500000,10),(169,6.794976,79.900215,108.099998,11),(170,6.794972,79.900253,109.300003,11),(171,6.794937,79.900330,107.199997,11),(172,6.794904,79.900429,107.300003,11),(173,6.794877,79.900520,105.300003,11),(174,6.794838,79.900642,106.300003,11),(175,6.794813,79.900719,108.400002,11),(176,6.794771,79.900818,109.400002,11),(177,6.794730,79.900932,106.599998,11),(178,6.794682,79.901054,107.900002,11),(179,6.794630,79.901176,90.400002,11),(180,6.794559,79.901382,63.299999,11),(181,6.794519,79.901558,50.299999,11),(182,6.794584,79.901978,43.400002,11),(183,6.794836,79.902206,40.500000,11),(184,6.795165,79.902496,45.299999,11),(185,6.795327,79.902779,50.200001,11),(186,6.795332,79.903015,90.500000,11),(187,6.795188,79.903313,188.899994,11),(188,6.795061,79.903442,189.300003,11),(189,6.795012,79.903488,180.500000,11);
/*!40000 ALTER TABLE `route` ENABLE KEYS */;
UNLOCK TABLES;

--
-- Table structure for table `route_map_model`
--

DROP TABLE IF EXISTS `route_map_model`;
/*!40101 SET @saved_cs_client     = @@character_set_client */;
/*!40101 SET character_set_client = utf8 */;
CREATE TABLE `route_map_model` (
  `id` int(6) unsigned NOT NULL AUTO_INCREMENT,
  `route_from` int(6) DEFAULT NULL,
  `route_to` int(6) DEFAULT NULL,
  `current_goal` int(6) DEFAULT NULL,
  `count` int(6) DEFAULT NULL,
  `time_type` int(11) DEFAULT '1',
  PRIMARY KEY (`id`)
) ENGINE=InnoDB AUTO_INCREMENT=30 DEFAULT CHARSET=utf8;
/*!40101 SET character_set_client = @saved_cs_client */;

--
-- Dumping data for table `route_map_model`
--

LOCK TABLES `route_map_model` WRITE;
/*!40000 ALTER TABLE `route_map_model` DISABLE KEYS */;
INSERT INTO `route_map_model` VALUES (1,12,10,5,20,1),(2,12,11,5,0,1),(3,12,1,5,0,1),(4,12,20,5,0,1),(5,1,2,1,17,1),(6,2,3,4,1,1),(7,13,12,5,20,1),(8,3,4,4,1,1),(9,14,2,1,3,1),(10,4,6,4,1,1),(11,15,14,1,2,1),(12,5,8,3,1,1),(13,16,14,1,1,1),(14,18,15,1,1,1),(15,18,6,3,1,1),(16,8,8,3,1,1),(17,19,18,1,1,1),(18,19,18,4,1,1),(19,9,10,5,1,1),(20,20,20,3,2,1),(21,20,16,1,1,1),(22,10,10,5,24,1),(23,21,1,1,17,1),(24,21,20,3,2,1),(25,21,20,1,1,1),(26,11,11,4,1,1),(27,17,15,1,1,1),(28,6,6,4,1,1),(29,22,10,5,1,1);
/*!40000 ALTER TABLE `route_map_model` ENABLE KEYS */;
UNLOCK TABLES;

--
-- Table structure for table `skewness_model`
--

DROP TABLE IF EXISTS `skewness_model`;
/*!40101 SET @saved_cs_client     = @@character_set_client */;
/*!40101 SET character_set_client = utf8 */;
CREATE TABLE `skewness_model` (
  `id` int(6) unsigned NOT NULL AUTO_INCREMENT,
  `latitude` float(10,6) DEFAULT NULL,
  `longitude` float(10,6) DEFAULT NULL,
  `skewness` float(10,6) DEFAULT NULL,
  `time_type` int(6) DEFAULT NULL,
  PRIMARY KEY (`id`)
) ENGINE=InnoDB AUTO_INCREMENT=193 DEFAULT CHARSET=utf8;
/*!40101 SET character_set_client = @saved_cs_client */;

--
-- Dumping data for table `skewness_model`
--

LOCK TABLES `skewness_model` WRITE;
/*!40000 ALTER TABLE `skewness_model` DISABLE KEYS */;
INSERT INTO `skewness_model` VALUES (192,6.795149,79.899788,0.159099,1);
/*!40000 ALTER TABLE `skewness_model` ENABLE KEYS */;
UNLOCK TABLES;
/*!40103 SET TIME_ZONE=@OLD_TIME_ZONE */;

/*!40101 SET SQL_MODE=@OLD_SQL_MODE */;
/*!40014 SET FOREIGN_KEY_CHECKS=@OLD_FOREIGN_KEY_CHECKS */;
/*!40014 SET UNIQUE_CHECKS=@OLD_UNIQUE_CHECKS */;
/*!40101 SET CHARACTER_SET_CLIENT=@OLD_CHARACTER_SET_CLIENT */;
/*!40101 SET CHARACTER_SET_RESULTS=@OLD_CHARACTER_SET_RESULTS */;
/*!40101 SET COLLATION_CONNECTION=@OLD_COLLATION_CONNECTION */;
/*!40111 SET SQL_NOTES=@OLD_SQL_NOTES */;

-- Dump completed on 2020-05-13 11:56:39
